{
  "type": "FeatureCollection",
  "features": [
    {
      "type": "Feature",
      "geometry": {
        "type": "Point",
        "coordinates": [
          23.75,
          37.75
        ]
      },
      "properties": {
        "type": "hotspot_cell",
        "score": 30.797,
        "count": 71,
        "cell_deg": 0.5,
        "sources": {
          "GDELT": 68,
          "USGS": 0,
          "GDACS": 0,
          "RSS": 3
        },
        "last7_score": 28.085,
        "prev7_score": 2.713,
        "trend": "up",
        "trend_arrow": "🔺",
        "change_pct": 935.4
      }
    },
    {
      "type": "Feature",
      "geometry": {
        "type": "Point",
        "coordinates": [
          25.25,
          46.25
        ]
      },
      "properties": {
        "type": "hotspot_cell",
        "score": 13.178,
        "count": 40,
        "cell_deg": 0.5,
        "sources": {
          "GDELT": 40,
          "USGS": 0,
          "GDACS": 0,
          "RSS": 0
        },
        "last7_score": 10.848,
        "prev7_score": 2.33,
        "trend": "up",
        "trend_arrow": "🔺",
        "change_pct": 365.6
      }
    },
    {
      "type": "Feature",
      "geometry": {
        "type": "Point",
        "coordinates": [
          22.25,
          39.25
        ]
      },
      "properties": {
        "type": "hotspot_cell",
        "score": 14.75,
        "count": 45,
        "cell_deg": 0.5,
        "sources": {
          "GDELT": 45,
          "USGS": 0,
          "GDACS": 0,
          "RSS": 0
        },
        "last7_score": 12.227,
        "prev7_score": 2.522,
        "trend": "up",
        "trend_arrow": "🔺",
        "change_pct": 384.8
      }
    },
    {
      "type": "Feature",
      "geometry": {
        "type": "Point",
        "coordinates": [
          27.25,
          38.25
        ]
      },
      "properties": {
        "type": "hotspot_cell",
        "score": 10.53,
        "count": 38,
        "cell_deg": 0.5,
        "sources": {
          "GDELT": 38,
          "USGS": 0,
          "GDACS": 0,
          "RSS": 0
        },
        "last7_score": 8.737,
        "prev7_score": 1.793,
        "trend": "up",
        "trend_arrow": "🔺",
        "change_pct": 387.4
      }
    },
    {
      "type": "Feature",
      "geometry": {
        "type": "Point",
        "coordinates": [
          23.25,
          42.75
        ]
      },
      "properties": {
        "type": "hotspot_cell",
        "score": 6.373,
        "count": 22,
        "cell_deg": 0.5,
        "sources": {
          "GDELT": 22,
          "USGS": 0,
          "GDACS": 0,
          "RSS": 0
        },
        "last7_score": 5.233,
        "prev7_score": 1.14,
        "trend": "up",
        "trend_arrow": "🔺",
        "change_pct": 359.0
      }
    },
    {
      "type": "Feature",
      "geometry": {
        "type": "Point",
        "coordinates": [
          15.25,
          46.25
        ]
      },
      "properties": {
        "type": "hotspot_cell",
        "score": 10.183,
        "count": 30,
        "cell_deg": 0.5,
        "sources": {
          "GDELT": 30,
          "USGS": 0,
          "GDACS": 0,
          "RSS": 0
        },
        "last7_score": 8.744,
        "prev7_score": 1.439,
        "trend": "up",
        "trend_arrow": "🔺",
        "change_pct": 507.8
      }
    },
    {
      "type": "Feature",
      "geometry": {
        "type": "Point",
        "coordinates": [
          19.25,
          47.75
        ]
      },
      "properties": {
        "type": "hotspot_cell",
        "score": 12.154,
        "count": 34,
        "cell_deg": 0.5,
        "sources": {
          "GDELT": 33,
          "USGS": 0,
          "GDACS": 0,
          "RSS": 1
        },
        "last7_score": 10.277,
        "prev7_score": 1.878,
        "trend": "up",
        "trend_arrow": "🔺",
        "change_pct": 447.3
      }
    },
    {
      "type": "Feature",
      "geometry": {
        "type": "Point",
        "coordinates": [
          20.25,
          47.25
        ]
      },
      "properties": {
        "type": "hotspot_cell",
        "score": 12.325,
        "count": 36,
        "cell_deg": 0.5,
        "sources": {
          "GDELT": 36,
          "USGS": 0,
          "GDACS": 0,
          "RSS": 0
        },
        "last7_score": 10.255,
        "prev7_score": 2.07,
        "trend": "up",
        "trend_arrow": "🔺",
        "change_pct": 395.4
      }
    },
    {
      "type": "Feature",
      "geometry": {
        "type": "Point",
        "coordinates": [
          15.75,
          45.25
        ]
      },
      "properties": {
        "type": "hotspot_cell",
        "score": 8.311,
        "count": 26,
        "cell_deg": 0.5,
        "sources": {
          "GDELT": 26,
          "USGS": 0,
          "GDACS": 0,
          "RSS": 0
        },
        "last7_score": 6.88,
        "prev7_score": 1.431,
        "trend": "up",
        "trend_arrow": "🔺",
        "change_pct": 380.9
      }
    },
    {
      "type": "Feature",
      "geometry": {
        "type": "Point",
        "coordinates": [
          29.25,
          47.25
        ]
      },
      "properties": {
        "type": "hotspot_cell",
        "score": 13.508,
        "count": 37,
        "cell_deg": 0.5,
        "sources": {
          "GDELT": 37,
          "USGS": 0,
          "GDACS": 0,
          "RSS": 0
        },
        "last7_score": 11.851,
        "prev7_score": 1.657,
        "trend": "up",
        "trend_arrow": "🔺",
        "change_pct": 615.2
      }
    },
    {
      "type": "Feature",
      "geometry": {
        "type": "Point",
        "coordinates": [
          28.75,
          45.25
        ]
      },
      "properties": {
        "type": "hotspot_cell",
        "score": 5.156,
        "count": 10,
        "cell_deg": 0.5,
        "sources": {
          "GDELT": 10,
          "USGS": 0,
          "GDACS": 0,
          "RSS": 0
        },
        "last7_score": 4.504,
        "prev7_score": 0.651,
        "trend": "up",
        "trend_arrow": "🔺",
        "change_pct": 591.3
      }
    },
    {
      "type": "Feature",
      "geometry": {
        "type": "Point",
        "coordinates": [
          20.75,
          42.75
        ]
      },
      "properties": {
        "type": "hotspot_cell",
        "score": 3.957,
        "count": 9,
        "cell_deg": 0.5,
        "sources": {
          "GDELT": 9,
          "USGS": 0,
          "GDACS": 0,
          "RSS": 0
        },
        "last7_score": 3.591,
        "prev7_score": 0.365,
        "trend": "up",
        "trend_arrow": "🔺",
        "change_pct": 882.8
      }
    },
    {
      "type": "Feature",
      "geometry": {
        "type": "Point",
        "coordinates": [
          19.25,
          42.75
        ]
      },
      "properties": {
        "type": "hotspot_cell",
        "score": 6.271,
        "count": 17,
        "cell_deg": 0.5,
        "sources": {
          "GDELT": 17,
          "USGS": 0,
          "GDACS": 0,
          "RSS": 0
        },
        "last7_score": 5.279,
        "prev7_score": 0.992,
        "trend": "up",
        "trend_arrow": "🔺",
        "change_pct": 432.2
      }
    },
    {
      "type": "Feature",
      "geometry": {
        "type": "Point",
        "coordinates": [
          20.25,
          41.25
        ]
      },
      "properties": {
        "type": "hotspot_cell",
        "score": 11.604,
        "count": 39,
        "cell_deg": 0.5,
        "sources": {
          "GDELT": 39,
          "USGS": 0,
          "GDACS": 0,
          "RSS": 0
        },
        "last7_score": 9.143,
        "prev7_score": 2.461,
        "trend": "up",
        "trend_arrow": "🔺",
        "change_pct": 271.5
      }
    },
    {
      "type": "Feature",
      "geometry": {
        "type": "Point",
        "coordinates": [
          16.25,
          45.75
        ]
      },
      "properties": {
        "type": "hotspot_cell",
        "score": 5.814,
        "count": 15,
        "cell_deg": 0.5,
        "sources": {
          "GDELT": 15,
          "USGS": 0,
          "GDACS": 0,
          "RSS": 0
        },
        "last7_score": 5.279,
        "prev7_score": 0.535,
        "trend": "up",
        "trend_arrow": "🔺",
        "change_pct": 886.6
      }
    },
    {
      "type": "Feature",
      "geometry": {
        "type": "Point",
        "coordinates": [
          26.25,
          44.25
        ]
      },
      "properties": {
        "type": "hotspot_cell",
        "score": 11.375,
        "count": 36,
        "cell_deg": 0.5,
        "sources": {
          "GDELT": 35,
          "USGS": 0,
          "GDACS": 0,
          "RSS": 1
        },
        "last7_score": 9.397,
        "prev7_score": 1.978,
        "trend": "up",
        "trend_arrow": "🔺",
        "change_pct": 375.0
      }
    },
    {
      "type": "Feature",
      "geometry": {
        "type": "Point",
        "coordinates": [
          19.75,
          41.25
        ]
      },
      "properties": {
        "type": "hotspot_cell",
        "score": 7.524,
        "count": 23,
        "cell_deg": 0.5,
        "sources": {
          "GDELT": 23,
          "USGS": 0,
          "GDACS": 0,
          "RSS": 0
        },
        "last7_score": 6.31,
        "prev7_score": 1.214,
        "trend": "up",
        "trend_arrow": "🔺",
        "change_pct": 420.0
      }
    },
    {
      "type": "Feature",
      "geometry": {
        "type": "Point",
        "coordinates": [
          21.25,
          42.75
        ]
      },
      "properties": {
        "type": "hotspot_cell",
        "score": 11.53,
        "count": 34,
        "cell_deg": 0.5,
        "sources": {
          "GDELT": 34,
          "USGS": 0,
          "GDACS": 0,
          "RSS": 0
        },
        "last7_score": 9.491,
        "prev7_score": 2.039,
        "trend": "up",
        "trend_arrow": "🔺",
        "change_pct": 365.4
      }
    },
    {
      "type": "Feature",
      "geometry": {
        "type": "Point",
        "coordinates": [
          22.25,
          40.25
        ]
      },
      "properties": {
        "type": "hotspot_cell",
        "score": 2.981,
        "count": 5,
        "cell_deg": 0.5,
        "sources": {
          "GDELT": 5,
          "USGS": 0,
          "GDACS": 0,
          "RSS": 0
        },
        "last7_score": 2.981,
        "prev7_score": 0.0,
        "trend": "new",
        "trend_arrow": "🆕",
        "change_pct": null
      }
    },
    {
      "type": "Feature",
      "geometry": {
        "type": "Point",
        "coordinates": [
          27.25,
          46.75
        ]
      },
      "properties": {
        "type": "hotspot_cell",
        "score": 2.931,
        "count": 4,
        "cell_deg": 0.5,
        "sources": {
          "GDELT": 4,
          "USGS": 0,
          "GDACS": 0,
          "RSS": 0
        },
        "last7_score": 2.931,
        "prev7_score": 0.0,
        "trend": "new",
        "trend_arrow": "🆕",
        "change_pct": null
      }
    },
    {
      "type": "Feature",
      "geometry": {
        "type": "Point",
        "coordinates": [
          15.25,
          45.25
        ]
      },
      "properties": {
        "type": "hotspot_cell",
        "score": 1.71,
        "count": 2,
        "cell_deg": 0.5,
        "sources": {
          "GDELT": 2,
          "USGS": 0,
          "GDACS": 0,
          "RSS": 0
        },
        "last7_score": 1.71,
        "prev7_score": 0.0,
        "trend": "new",
        "trend_arrow": "🆕",
        "change_pct": null
      }
    },
    {
      "type": "Feature",
      "geometry": {
        "type": "Point",
        "coordinates": [
          28.25,
          40.25
        ]
      },
      "properties": {
        "type": "hotspot_cell",
        "score": 1.049,
        "count": 1,
        "cell_deg": 0.5,
        "sources": {
          "GDELT": 1,
          "USGS": 0,
          "GDACS": 0,
          "RSS": 0
        },
        "last7_score": 1.049,
        "prev7_score": 0.0,
        "trend": "new",
        "trend_arrow": "🆕",
        "change_pct": null
      }
    },
    {
      "type": "Feature",
      "geometry": {
        "type": "Point",
        "coordinates": [
          21.75,
          39.75
        ]
      },
      "properties": {
        "type": "hotspot_cell",
        "score": 1.311,
        "count": 2,
        "cell_deg": 0.5,
        "sources": {
          "GDELT": 2,
          "USGS": 0,
          "GDACS": 0,
          "RSS": 0
        },
        "last7_score": 1.311,
        "prev7_score": 0.0,
        "trend": "new",
        "trend_arrow": "🆕",
        "change_pct": null
      }
    },
    {
      "type": "Feature",
      "geometry": {
        "type": "Point",
        "coordinates": [
          27.75,
          39.75
        ]
      },
      "properties": {
        "type": "hotspot_cell",
        "score": 1.257,
        "count": 2,
        "cell_deg": 0.5,
        "sources": {
          "GDELT": 2,
          "USGS": 0,
          "GDACS": 0,
          "RSS": 0
        },
        "last7_score": 1.049,
        "prev7_score": 0.208,
        "trend": "up",
        "trend_arrow": "🔺",
        "change_pct": 404.0
      }
    },
    {
      "type": "Feature",
      "geometry": {
        "type": "Point",
        "coordinates": [
          25.75,
          41.75
        ]
      },
      "properties": {
        "type": "hotspot_cell",
        "score": 1.923,
        "count": 8,
        "cell_deg": 0.5,
        "sources": {
          "GDELT": 8,
          "USGS": 0,
          "GDACS": 0,
          "RSS": 0
        },
        "last7_score": 1.049,
        "prev7_score": 0.874,
        "trend": "up",
        "trend_arrow": "🔺",
        "change_pct": 20.0
      }
    },
    {
      "type": "Feature",
      "geometry": {
        "type": "Point",
        "coordinates": [
          29.25,
          37.75
        ]
      },
      "properties": {
        "type": "hotspot_cell",
        "score": 1.465,
        "count": 2,
        "cell_deg": 0.5,
        "sources": {
          "GDELT": 2,
          "USGS": 0,
          "GDACS": 0,
          "RSS": 0
        },
        "last7_score": 1.465,
        "prev7_score": 0.0,
        "trend": "new",
        "trend_arrow": "🆕",
        "change_pct": null
      }
    },
    {
      "type": "Feature",
      "geometry": {
        "type": "Point",
        "coordinates": [
          26.75,
          41.25
        ]
      },
      "properties": {
        "type": "hotspot_cell",
        "score": 1.049,
        "count": 1,
        "cell_deg": 0.5,
        "sources": {
          "GDELT": 1,
          "USGS": 0,
          "GDACS": 0,
          "RSS": 0
        },
        "last7_score": 1.049,
        "prev7_score": 0.0,
        "trend": "new",
        "trend_arrow": "🆕",
        "change_pct": null
      }
    },
    {
      "type": "Feature",
      "geometry": {
        "type": "Point",
        "coordinates": [
          21.25,
          39.25
        ]
      },
      "properties": {
        "type": "hotspot_cell",
        "score": 1.153,
        "count": 2,
        "cell_deg": 0.5,
        "sources": {
          "GDELT": 2,
          "USGS": 0,
          "GDACS": 0,
          "RSS": 0
        },
        "last7_score": 1.049,
        "prev7_score": 0.104,
        "trend": "up",
        "trend_arrow": "🔺",
        "change_pct": 907.9
      }
    },
    {
      "type": "Feature",
      "geometry": {
        "type": "Point",
        "coordinates": [
          15.75,
          45.75
        ]
      },
      "properties": {
        "type": "hotspot_cell",
        "score": 3.223,
        "count": 5,
        "cell_deg": 0.5,
        "sources": {
          "GDELT": 4,
          "USGS": 0,
          "GDACS": 0,
          "RSS": 1
        },
        "last7_score": 3.036,
        "prev7_score": 0.187,
        "trend": "up",
        "trend_arrow": "🔺",
        "change_pct": 1526.3
      }
    },
    {
      "type": "Feature",
      "geometry": {
        "type": "Point",
        "coordinates": [
          23.25,
          44.25
        ]
      },
      "properties": {
        "type": "hotspot_cell",
        "score": 3.025,
        "count": 10,
        "cell_deg": 0.5,
        "sources": {
          "GDELT": 10,
          "USGS": 0,
          "GDACS": 0,
          "RSS": 0
        },
        "last7_score": 2.759,
        "prev7_score": 0.266,
        "trend": "up",
        "trend_arrow": "🔺",
        "change_pct": 938.1
      }
    },
    {
      "type": "Feature",
      "geometry": {
        "type": "Point",
        "coordinates": [
          18.25,
          43.75
        ]
      },
      "properties": {
        "type": "hotspot_cell",
        "score": 5.612,
        "count": 12,
        "cell_deg": 0.5,
        "sources": {
          "GDELT": 11,
          "USGS": 0,
          "GDACS": 0,
          "RSS": 1
        },
        "last7_score": 4.839,
        "prev7_score": 0.773,
        "trend": "up",
        "trend_arrow": "🔺",
        "change_pct": 526.4
      }
    },
    {
      "type": "Feature",
      "geometry": {
        "type": "Point",
        "coordinates": [
          26.25,
          42.75
        ]
      },
      "properties": {
        "type": "hotspot_cell",
        "score": 1.049,
        "count": 1,
        "cell_deg": 0.5,
        "sources": {
          "GDELT": 1,
          "USGS": 0,
          "GDACS": 0,
          "RSS": 0
        },
        "last7_score": 1.049,
        "prev7_score": 0.0,
        "trend": "new",
        "trend_arrow": "🆕",
        "change_pct": null
      }
    },
    {
      "type": "Feature",
      "geometry": {
        "type": "Point",
        "coordinates": [
          19.25,
          45.25
        ]
      },
      "properties": {
        "type": "hotspot_cell",
        "score": 1.049,
        "count": 1,
        "cell_deg": 0.5,
        "sources": {
          "GDELT": 1,
          "USGS": 0,
          "GDACS": 0,
          "RSS": 0
        },
        "last7_score": 1.049,
        "prev7_score": 0.0,
        "trend": "new",
        "trend_arrow": "🆕",
        "change_pct": null
      }
    },
    {
      "type": "Feature",
      "geometry": {
        "type": "Point",
        "coordinates": [
          25.25,
          43.25
        ]
      },
      "properties": {
        "type": "hotspot_cell",
        "score": 8.36,
        "count": 27,
        "cell_deg": 0.5,
        "sources": {
          "GDELT": 27,
          "USGS": 0,
          "GDACS": 0,
          "RSS": 0
        },
        "last7_score": 6.869,
        "prev7_score": 1.492,
        "trend": "up",
        "trend_arrow": "🔺",
        "change_pct": 360.4
      }
    },
    {
      "type": "Feature",
      "geometry": {
        "type": "Point",
        "coordinates": [
          22.25,
          37.25
        ]
      },
      "properties": {
        "type": "hotspot_cell",
        "score": 2.949,
        "count": 11,
        "cell_deg": 0.5,
        "sources": {
          "GDELT": 11,
          "USGS": 0,
          "GDACS": 0,
          "RSS": 0
        },
        "last7_score": 2.28,
        "prev7_score": 0.669,
        "trend": "up",
        "trend_arrow": "🔺",
        "change_pct": 241.1
      }
    },
    {
      "type": "Feature",
      "geometry": {
        "type": "Point",
        "coordinates": [
          24.25,
          45.75
        ]
      },
      "properties": {
        "type": "hotspot_cell",
        "score": 1.724,
        "count": 5,
        "cell_deg": 0.5,
        "sources": {
          "GDELT": 5,
          "USGS": 0,
          "GDACS": 0,
          "RSS": 0
        },
        "last7_score": 1.493,
        "prev7_score": 0.231,
        "trend": "up",
        "trend_arrow": "🔺",
        "change_pct": 547.1
      }
    },
    {
      "type": "Feature",
      "geometry": {
        "type": "Point",
        "coordinates": [
          14.75,
          46.25
        ]
      },
      "properties": {
        "type": "hotspot_cell",
        "score": 4.717,
        "count": 18,
        "cell_deg": 0.5,
        "sources": {
          "GDELT": 18,
          "USGS": 0,
          "GDACS": 0,
          "RSS": 0
        },
        "last7_score": 3.637,
        "prev7_score": 1.08,
        "trend": "up",
        "trend_arrow": "🔺",
        "change_pct": 236.8
      }
    },
    {
      "type": "Feature",
      "geometry": {
        "type": "Point",
        "coordinates": [
          25.25,
          46.75
        ]
      },
      "properties": {
        "type": "hotspot_cell",
        "score": 2.253,
        "count": 5,
        "cell_deg": 0.5,
        "sources": {
          "GDELT": 5,
          "USGS": 0,
          "GDACS": 0,
          "RSS": 0
        },
        "last7_score": 2.018,
        "prev7_score": 0.235,
        "trend": "up",
        "trend_arrow": "🔺",
        "change_pct": 758.0
      }
    },
    {
      "type": "Feature",
      "geometry": {
        "type": "Point",
        "coordinates": [
          21.75,
          39.25
        ]
      },
      "properties": {
        "type": "hotspot_cell",
        "score": 3.129,
        "count": 9,
        "cell_deg": 0.5,
        "sources": {
          "GDELT": 9,
          "USGS": 0,
          "GDACS": 0,
          "RSS": 0
        },
        "last7_score": 2.502,
        "prev7_score": 0.627,
        "trend": "up",
        "trend_arrow": "🔺",
        "change_pct": 299.3
      }
    },
    {
      "type": "Feature",
      "geometry": {
        "type": "Point",
        "coordinates": [
          26.75,
          43.25
        ]
      },
      "properties": {
        "type": "hotspot_cell",
        "score": 0.833,
        "count": 1,
        "cell_deg": 0.5,
        "sources": {
          "GDELT": 1,
          "USGS": 0,
          "GDACS": 0,
          "RSS": 0
        },
        "last7_score": 0.833,
        "prev7_score": 0.0,
        "trend": "new",
        "trend_arrow": "🆕",
        "change_pct": null
      }
    },
    {
      "type": "Feature",
      "geometry": {
        "type": "Point",
        "coordinates": [
          26.75,
          40.75
        ]
      },
      "properties": {
        "type": "hotspot_cell",
        "score": 1.461,
        "count": 3,
        "cell_deg": 0.5,
        "sources": {
          "GDELT": 3,
          "USGS": 0,
          "GDACS": 0,
          "RSS": 0
        },
        "last7_score": 1.357,
        "prev7_score": 0.104,
        "trend": "up",
        "trend_arrow": "🔺",
        "change_pct": 1204.0
      }
    },
    {
      "type": "Feature",
      "geometry": {
        "type": "Point",
        "coordinates": [
          28.75,
          39.25
        ]
      },
      "properties": {
        "type": "hotspot_cell",
        "score": 0.833,
        "count": 1,
        "cell_deg": 0.5,
        "sources": {
          "GDELT": 1,
          "USGS": 0,
          "GDACS": 0,
          "RSS": 0
        },
        "last7_score": 0.833,
        "prev7_score": 0.0,
        "trend": "new",
        "trend_arrow": "🆕",
        "change_pct": null
      }
    },
    {
      "type": "Feature",
      "geometry": {
        "type": "Point",
        "coordinates": [
          25.75,
          44.75
        ]
      },
      "properties": {
        "type": "hotspot_cell",
        "score": 1.411,
        "count": 4,
        "cell_deg": 0.5,
        "sources": {
          "GDELT": 4,
          "USGS": 0,
          "GDACS": 0,
          "RSS": 0
        },
        "last7_score": 1.163,
        "prev7_score": 0.248,
        "trend": "up",
        "trend_arrow": "🔺",
        "change_pct": 369.3
      }
    },
    {
      "type": "Feature",
      "geometry": {
        "type": "Point",
        "coordinates": [
          25.75,
          40.75
        ]
      },
      "properties": {
        "type": "hotspot_cell",
        "score": 1.249,
        "count": 2,
        "cell_deg": 0.5,
        "sources": {
          "GDELT": 2,
          "USGS": 0,
          "GDACS": 0,
          "RSS": 0
        },
        "last7_score": 1.249,
        "prev7_score": 0.0,
        "trend": "new",
        "trend_arrow": "🆕",
        "change_pct": null
      }
    },
    {
      "type": "Feature",
      "geometry": {
        "type": "Point",
        "coordinates": [
          19.25,
          41.25
        ]
      },
      "properties": {
        "type": "hotspot_cell",
        "score": 1.493,
        "count": 2,
        "cell_deg": 0.5,
        "sources": {
          "GDELT": 2,
          "USGS": 0,
          "GDACS": 0,
          "RSS": 0
        },
        "last7_score": 1.493,
        "prev7_score": 0.0,
        "trend": "new",
        "trend_arrow": "🆕",
        "change_pct": null
      }
    },
    {
      "type": "Feature",
      "geometry": {
        "type": "Point",
        "coordinates": [
          20.75,
          39.75
        ]
      },
      "properties": {
        "type": "hotspot_cell",
        "score": 2.336,
        "count": 6,
        "cell_deg": 0.5,
        "sources": {
          "GDELT": 6,
          "USGS": 0,
          "GDACS": 0,
          "RSS": 0
        },
        "last7_score": 2.018,
        "prev7_score": 0.318,
        "trend": "up",
        "trend_arrow": "🔺",
        "change_pct": 535.0
      }
    },
    {
      "type": "Feature",
      "geometry": {
        "type": "Point",
        "coordinates": [
          24.25,
          37.75
        ]
      },
      "properties": {
        "type": "hotspot_cell",
        "score": 1.177,
        "count": 3,
        "cell_deg": 0.5,
        "sources": {
          "GDELT": 3,
          "USGS": 0,
          "GDACS": 0,
          "RSS": 0
        },
        "last7_score": 1.095,
        "prev7_score": 0.083,
        "trend": "up",
        "trend_arrow": "🔺",
        "change_pct": 1225.4
      }
    },
    {
      "type": "Feature",
      "geometry": {
        "type": "Point",
        "coordinates": [
          29.25,
          40.25
        ]
      },
      "properties": {
        "type": "hotspot_cell",
        "score": 2.482,
        "count": 9,
        "cell_deg": 0.5,
        "sources": {
          "GDELT": 9,
          "USGS": 0,
          "GDACS": 0,
          "RSS": 0
        },
        "last7_score": 2.104,
        "prev7_score": 0.378,
        "trend": "up",
        "trend_arrow": "🔺",
        "change_pct": 456.9
      }
    },
    {
      "type": "Feature",
      "geometry": {
        "type": "Point",
        "coordinates": [
          23.25,
          41.25
        ]
      },
      "properties": {
        "type": "hotspot_cell",
        "score": 1.597,
        "count": 3,
        "cell_deg": 0.5,
        "sources": {
          "GDELT": 3,
          "USGS": 0,
          "GDACS": 0,
          "RSS": 0
        },
        "last7_score": 1.493,
        "prev7_score": 0.104,
        "trend": "up",
        "trend_arrow": "🔺",
        "change_pct": 1335.0
      }
    },
    {
      "type": "Feature",
      "geometry": {
        "type": "Point",
        "coordinates": [
          27.75,
          39.25
        ]
      },
      "properties": {
        "type": "hotspot_cell",
        "score": 1.322,
        "count": 2,
        "cell_deg": 0.5,
        "sources": {
          "GDELT": 2,
          "USGS": 0,
          "GDACS": 0,
          "RSS": 0
        },
        "last7_score": 1.322,
        "prev7_score": 0.0,
        "trend": "new",
        "trend_arrow": "🆕",
        "change_pct": null
      }
    },
    {
      "type": "Feature",
      "geometry": {
        "type": "Point",
        "coordinates": [
          23.75,
          40.25
        ]
      },
      "properties": {
        "type": "hotspot_cell",
        "score": 2.402,
        "count": 8,
        "cell_deg": 0.5,
        "sources": {
          "GDELT": 8,
          "USGS": 0,
          "GDACS": 0,
          "RSS": 0
        },
        "last7_score": 1.972,
        "prev7_score": 0.43,
        "trend": "up",
        "trend_arrow": "🔺",
        "change_pct": 358.8
      }
    },
    {
      "type": "Feature",
      "geometry": {
        "type": "Point",
        "coordinates": [
          17.75,
          44.25
        ]
      },
      "properties": {
        "type": "hotspot_cell",
        "score": 2.257,
        "count": 5,
        "cell_deg": 0.5,
        "sources": {
          "GDELT": 5,
          "USGS": 0,
          "GDACS": 0,
          "RSS": 0
        },
        "last7_score": 2.126,
        "prev7_score": 0.131,
        "trend": "up",
        "trend_arrow": "🔺",
        "change_pct": 1521.4
      }
    },
    {
      "type": "Feature",
      "geometry": {
        "type": "Point",
        "coordinates": [
          19.25,
          44.25
        ]
      },
      "properties": {
        "type": "hotspot_cell",
        "score": 2.155,
        "count": 7,
        "cell_deg": 0.5,
        "sources": {
          "GDELT": 7,
          "USGS": 0,
          "GDACS": 0,
          "RSS": 0
        },
        "last7_score": 1.864,
        "prev7_score": 0.291,
        "trend": "up",
        "trend_arrow": "🔺",
        "change_pct": 541.1
      }
    },
    {
      "type": "Feature",
      "geometry": {
        "type": "Point",
        "coordinates": [
          29.25,
          39.75
        ]
      },
      "properties": {
        "type": "hotspot_cell",
        "score": 0.973,
        "count": 3,
        "cell_deg": 0.5,
        "sources": {
          "GDELT": 3,
          "USGS": 0,
          "GDACS": 0,
          "RSS": 0
        },
        "last7_score": 0.661,
        "prev7_score": 0.312,
        "trend": "up",
        "trend_arrow": "🔺",
        "change_pct": 111.7
      }
    },
    {
      "type": "Feature",
      "geometry": {
        "type": "Point",
        "coordinates": [
          19.25,
          40.25
        ]
      },
      "properties": {
        "type": "hotspot_cell",
        "score": 1.939,
        "count": 7,
        "cell_deg": 0.5,
        "sources": {
          "GDELT": 7,
          "USGS": 0,
          "GDACS": 0,
          "RSS": 0
        },
        "last7_score": 1.67,
        "prev7_score": 0.269,
        "trend": "up",
        "trend_arrow": "🔺",
        "change_pct": 520.1
      }
    },
    {
      "type": "Feature",
      "geometry": {
        "type": "Point",
        "coordinates": [
          23.75,
          38.25
        ]
      },
      "properties": {
        "type": "hotspot_cell",
        "score": 4.42,
        "count": 17,
        "cell_deg": 0.5,
        "sources": {
          "GDELT": 17,
          "USGS": 0,
          "GDACS": 0,
          "RSS": 0
        },
        "last7_score": 3.692,
        "prev7_score": 0.728,
        "trend": "up",
        "trend_arrow": "🔺",
        "change_pct": 407.0
      }
    },
    {
      "type": "Feature",
      "geometry": {
        "type": "Point",
        "coordinates": [
          28.75,
          47.25
        ]
      },
      "properties": {
        "type": "hotspot_cell",
        "score": 4.928,
        "count": 20,
        "cell_deg": 0.5,
        "sources": {
          "GDELT": 20,
          "USGS": 0,
          "GDACS": 0,
          "RSS": 0
        },
        "last7_score": 3.397,
        "prev7_score": 1.53,
        "trend": "up",
        "trend_arrow": "🔺",
        "change_pct": 122.0
      }
    },
    {
      "type": "Feature",
      "geometry": {
        "type": "Point",
        "coordinates": [
          26.75,
          45.25
        ]
      },
      "properties": {
        "type": "hotspot_cell",
        "score": 1.333,
        "count": 5,
        "cell_deg": 0.5,
        "sources": {
          "GDELT": 5,
          "USGS": 0,
          "GDACS": 0,
          "RSS": 0
        },
        "last7_score": 1.185,
        "prev7_score": 0.148,
        "trend": "up",
        "trend_arrow": "🔺",
        "change_pct": 700.0
      }
    },
    {
      "type": "Feature",
      "geometry": {
        "type": "Point",
        "coordinates": [
          24.75,
          44.75
        ]
      },
      "properties": {
        "type": "hotspot_cell",
        "score": 2.1,
        "count": 8,
        "cell_deg": 0.5,
        "sources": {
          "GDELT": 8,
          "USGS": 0,
          "GDACS": 0,
          "RSS": 0
        },
        "last7_score": 1.602,
        "prev7_score": 0.499,
        "trend": "up",
        "trend_arrow": "🔺",
        "change_pct": 221.0
      }
    },
    {
      "type": "Feature",
      "geometry": {
        "type": "Point",
        "coordinates": [
          16.25,
          43.75
        ]
      },
      "properties": {
        "type": "hotspot_cell",
        "score": 0.661,
        "count": 1,
        "cell_deg": 0.5,
        "sources": {
          "GDELT": 1,
          "USGS": 0,
          "GDACS": 0,
          "RSS": 0
        },
        "last7_score": 0.661,
        "prev7_score": 0.0,
        "trend": "new",
        "trend_arrow": "🆕",
        "change_pct": null
      }
    },
    {
      "type": "Feature",
      "geometry": {
        "type": "Point",
        "coordinates": [
          27.75,
          45.75
        ]
      },
      "properties": {
        "type": "hotspot_cell",
        "score": 0.661,
        "count": 1,
        "cell_deg": 0.5,
        "sources": {
          "GDELT": 1,
          "USGS": 0,
          "GDACS": 0,
          "RSS": 0
        },
        "last7_score": 0.661,
        "prev7_score": 0.0,
        "trend": "new",
        "trend_arrow": "🆕",
        "change_pct": null
      }
    },
    {
      "type": "Feature",
      "geometry": {
        "type": "Point",
        "coordinates": [
          16.75,
          44.75
        ]
      },
      "properties": {
        "type": "hotspot_cell",
        "score": 0.661,
        "count": 1,
        "cell_deg": 0.5,
        "sources": {
          "GDELT": 1,
          "USGS": 0,
          "GDACS": 0,
          "RSS": 0
        },
        "last7_score": 0.661,
        "prev7_score": 0.0,
        "trend": "new",
        "trend_arrow": "🆕",
        "change_pct": null
      }
    },
    {
      "type": "Feature",
      "geometry": {
        "type": "Point",
        "coordinates": [
          23.75,
          43.75
        ]
      },
      "properties": {
        "type": "hotspot_cell",
        "score": 0.661,
        "count": 1,
        "cell_deg": 0.5,
        "sources": {
          "GDELT": 1,
          "USGS": 0,
          "GDACS": 0,
          "RSS": 0
        },
        "last7_score": 0.661,
        "prev7_score": 0.0,
        "trend": "new",
        "trend_arrow": "🆕",
        "change_pct": null
      }
    },
    {
      "type": "Feature",
      "geometry": {
        "type": "Point",
        "coordinates": [
          28.25,
          37.25
        ]
      },
      "properties": {
        "type": "hotspot_cell",
        "score": 1.092,
        "count": 5,
        "cell_deg": 0.5,
        "sources": {
          "GDELT": 5,
          "USGS": 0,
          "GDACS": 0,
          "RSS": 0
        },
        "last7_score": 0.661,
        "prev7_score": 0.431,
        "trend": "up",
        "trend_arrow": "🔺",
        "change_pct": 53.3
      }
    },
    {
      "type": "Feature",
      "geometry": {
        "type": "Point",
        "coordinates": [
          14.25,
          46.25
        ]
      },
      "properties": {
        "type": "hotspot_cell",
        "score": 0.743,
        "count": 2,
        "cell_deg": 0.5,
        "sources": {
          "GDELT": 2,
          "USGS": 0,
          "GDACS": 0,
          "RSS": 0
        },
        "last7_score": 0.661,
        "prev7_score": 0.083,
        "trend": "up",
        "trend_arrow": "🔺",
        "change_pct": 700.0
      }
    },
    {
      "type": "Feature",
      "geometry": {
        "type": "Point",
        "coordinates": [
          26.75,
          40.25
        ]
      },
      "properties": {
        "type": "hotspot_cell",
        "score": 0.661,
        "count": 1,
        "cell_deg": 0.5,
        "sources": {
          "GDELT": 1,
          "USGS": 0,
          "GDACS": 0,
          "RSS": 0
        },
        "last7_score": 0.661,
        "prev7_score": 0.0,
        "trend": "new",
        "trend_arrow": "🆕",
        "change_pct": null
      }
    },
    {
      "type": "Feature",
      "geometry": {
        "type": "Point",
        "coordinates": [
          26.75,
          38.75
        ]
      },
      "properties": {
        "type": "hotspot_cell",
        "score": 0.661,
        "count": 1,
        "cell_deg": 0.5,
        "sources": {
          "GDELT": 1,
          "USGS": 0,
          "GDACS": 0,
          "RSS": 0
        },
        "last7_score": 0.661,
        "prev7_score": 0.0,
        "trend": "new",
        "trend_arrow": "🆕",
        "change_pct": null
      }
    },
    {
      "type": "Feature",
      "geometry": {
        "type": "Point",
        "coordinates": [
          16.75,
          47.25
        ]
      },
      "properties": {
        "type": "hotspot_cell",
        "score": 1.337,
        "count": 6,
        "cell_deg": 0.5,
        "sources": {
          "GDELT": 6,
          "USGS": 0,
          "GDACS": 0,
          "RSS": 0
        },
        "last7_score": 0.923,
        "prev7_score": 0.414,
        "trend": "up",
        "trend_arrow": "🔺",
        "change_pct": 123.0
      }
    },
    {
      "type": "Feature",
      "geometry": {
        "type": "Point",
        "coordinates": [
          18.75,
          45.25
        ]
      },
      "properties": {
        "type": "hotspot_cell",
        "score": 0.792,
        "count": 2,
        "cell_deg": 0.5,
        "sources": {
          "GDELT": 2,
          "USGS": 0,
          "GDACS": 0,
          "RSS": 0
        },
        "last7_score": 0.661,
        "prev7_score": 0.131,
        "trend": "up",
        "trend_arrow": "🔺",
        "change_pct": 404.0
      }
    },
    {
      "type": "Feature",
      "geometry": {
        "type": "Point",
        "coordinates": [
          17.25,
          44.75
        ]
      },
      "properties": {
        "type": "hotspot_cell",
        "score": 1.268,
        "count": 5,
        "cell_deg": 0.5,
        "sources": {
          "GDELT": 5,
          "USGS": 0,
          "GDACS": 0,
          "RSS": 0
        },
        "last7_score": 0.923,
        "prev7_score": 0.345,
        "trend": "up",
        "trend_arrow": "🔺",
        "change_pct": 167.7
      }
    },
    {
      "type": "Feature",
      "geometry": {
        "type": "Point",
        "coordinates": [
          16.25,
          45.25
        ]
      },
      "properties": {
        "type": "hotspot_cell",
        "score": 0.869,
        "count": 2,
        "cell_deg": 0.5,
        "sources": {
          "GDELT": 2,
          "USGS": 0,
          "GDACS": 0,
          "RSS": 0
        },
        "last7_score": 0.661,
        "prev7_score": 0.208,
        "trend": "up",
        "trend_arrow": "🔺",
        "change_pct": 217.5
      }
    },
    {
      "type": "Feature",
      "geometry": {
        "type": "Point",
        "coordinates": [
          20.25,
          42.25
        ]
      },
      "properties": {
        "type": "hotspot_cell",
        "score": 0.661,
        "count": 1,
        "cell_deg": 0.5,
        "sources": {
          "GDELT": 1,
          "USGS": 0,
          "GDACS": 0,
          "RSS": 0
        },
        "last7_score": 0.661,
        "prev7_score": 0.0,
        "trend": "new",
        "trend_arrow": "🆕",
        "change_pct": null
      }
    },
    {
      "type": "Feature",
      "geometry": {
        "type": "Point",
        "coordinates": [
          26.75,
          44.75
        ]
      },
      "properties": {
        "type": "hotspot_cell",
        "score": 1.724,
        "count": 4,
        "cell_deg": 0.5,
        "sources": {
          "GDELT": 4,
          "USGS": 0,
          "GDACS": 0,
          "RSS": 0
        },
        "last7_score": 1.516,
        "prev7_score": 0.208,
        "trend": "up",
        "trend_arrow": "🔺",
        "change_pct": 628.2
      }
    },
    {
      "type": "Feature",
      "geometry": {
        "type": "Point",
        "coordinates": [
          29.75,
          46.75
        ]
      },
      "properties": {
        "type": "hotspot_cell",
        "score": 0.524,
        "count": 1,
        "cell_deg": 0.5,
        "sources": {
          "GDELT": 1,
          "USGS": 0,
          "GDACS": 0,
          "RSS": 0
        },
        "last7_score": 0.524,
        "prev7_score": 0.0,
        "trend": "new",
        "trend_arrow": "🆕",
        "change_pct": null
      }
    },
    {
      "type": "Feature",
      "geometry": {
        "type": "Point",
        "coordinates": [
          22.75,
          37.75
        ]
      },
      "properties": {
        "type": "hotspot_cell",
        "score": 1.346,
        "count": 5,
        "cell_deg": 0.5,
        "sources": {
          "GDELT": 5,
          "USGS": 0,
          "GDACS": 0,
          "RSS": 0
        },
        "last7_score": 0.941,
        "prev7_score": 0.405,
        "trend": "up",
        "trend_arrow": "🔺",
        "change_pct": 132.4
      }
    },
    {
      "type": "Feature",
      "geometry": {
        "type": "Point",
        "coordinates": [
          25.75,
          44.25
        ]
      },
      "properties": {
        "type": "hotspot_cell",
        "score": 0.524,
        "count": 1,
        "cell_deg": 0.5,
        "sources": {
          "GDELT": 1,
          "USGS": 0,
          "GDACS": 0,
          "RSS": 0
        },
        "last7_score": 0.524,
        "prev7_score": 0.0,
        "trend": "new",
        "trend_arrow": "🆕",
        "change_pct": null
      }
    },
    {
      "type": "Feature",
      "geometry": {
        "type": "Point",
        "coordinates": [
          16.75,
          43.75
        ]
      },
      "properties": {
        "type": "hotspot_cell",
        "score": 0.524,
        "count": 1,
        "cell_deg": 0.5,
        "sources": {
          "GDELT": 1,
          "USGS": 0,
          "GDACS": 0,
          "RSS": 0
        },
        "last7_score": 0.524,
        "prev7_score": 0.0,
        "trend": "new",
        "trend_arrow": "🆕",
        "change_pct": null
      }
    },
    {
      "type": "Feature",
      "geometry": {
        "type": "Point",
        "coordinates": [
          23.25,
          38.25
        ]
      },
      "properties": {
        "type": "hotspot_cell",
        "score": 1.106,
        "count": 4,
        "cell_deg": 0.5,
        "sources": {
          "GDELT": 4,
          "USGS": 0,
          "GDACS": 0,
          "RSS": 0
        },
        "last7_score": 0.941,
        "prev7_score": 0.165,
        "trend": "up",
        "trend_arrow": "🔺",
        "change_pct": 469.5
      }
    },
    {
      "type": "Feature",
      "geometry": {
        "type": "Point",
        "coordinates": [
          22.75,
          39.25
        ]
      },
      "properties": {
        "type": "hotspot_cell",
        "score": 0.524,
        "count": 1,
        "cell_deg": 0.5,
        "sources": {
          "GDELT": 1,
          "USGS": 0,
          "GDACS": 0,
          "RSS": 0
        },
        "last7_score": 0.524,
        "prev7_score": 0.0,
        "trend": "new",
        "trend_arrow": "🆕",
        "change_pct": null
      }
    },
    {
      "type": "Feature",
      "geometry": {
        "type": "Point",
        "coordinates": [
          23.75,
          41.25
        ]
      },
      "properties": {
        "type": "hotspot_cell",
        "score": 0.524,
        "count": 1,
        "cell_deg": 0.5,
        "sources": {
          "GDELT": 1,
          "USGS": 0,
          "GDACS": 0,
          "RSS": 0
        },
        "last7_score": 0.524,
        "prev7_score": 0.0,
        "trend": "new",
        "trend_arrow": "🆕",
        "change_pct": null
      }
    },
    {
      "type": "Feature",
      "geometry": {
        "type": "Point",
        "coordinates": [
          21.75,
          40.25
        ]
      },
      "properties": {
        "type": "hotspot_cell",
        "score": 1.205,
        "count": 4,
        "cell_deg": 0.5,
        "sources": {
          "GDELT": 4,
          "USGS": 0,
          "GDACS": 0,
          "RSS": 0
        },
        "last7_score": 1.049,
        "prev7_score": 0.156,
        "trend": "up",
        "trend_arrow": "🔺",
        "change_pct": 572.0
      }
    },
    {
      "type": "Feature",
      "geometry": {
        "type": "Point",
        "coordinates": [
          20.25,
          39.75
        ]
      },
      "properties": {
        "type": "hotspot_cell",
        "score": 1.063,
        "count": 3,
        "cell_deg": 0.5,
        "sources": {
          "GDELT": 3,
          "USGS": 0,
          "GDACS": 0,
          "RSS": 0
        },
        "last7_score": 0.855,
        "prev7_score": 0.208,
        "trend": "up",
        "trend_arrow": "🔺",
        "change_pct": 310.7
      }
    },
    {
      "type": "Feature",
      "geometry": {
        "type": "Point",
        "coordinates": [
          15.25,
          45.75
        ]
      },
      "properties": {
        "type": "hotspot_cell",
        "score": 0.941,
        "count": 2,
        "cell_deg": 0.5,
        "sources": {
          "GDELT": 2,
          "USGS": 0,
          "GDACS": 0,
          "RSS": 0
        },
        "last7_score": 0.941,
        "prev7_score": 0.0,
        "trend": "new",
        "trend_arrow": "🆕",
        "change_pct": null
      }
    },
    {
      "type": "Feature",
      "geometry": {
        "type": "Point",
        "coordinates": [
          28.25,
          44.75
        ]
      },
      "properties": {
        "type": "hotspot_cell",
        "score": 0.59,
        "count": 2,
        "cell_deg": 0.5,
        "sources": {
          "GDELT": 2,
          "USGS": 0,
          "GDACS": 0,
          "RSS": 0
        },
        "last7_score": 0.524,
        "prev7_score": 0.066,
        "trend": "up",
        "trend_arrow": "🔺",
        "change_pct": 700.0
      }
    },
    {
      "type": "Feature",
      "geometry": {
        "type": "Point",
        "coordinates": [
          27.75,
          38.25
        ]
      },
      "properties": {
        "type": "hotspot_cell",
        "score": 2.212,
        "count": 7,
        "cell_deg": 0.5,
        "sources": {
          "GDELT": 7,
          "USGS": 0,
          "GDACS": 0,
          "RSS": 0
        },
        "last7_score": 2.108,
        "prev7_score": 0.104,
        "trend": "up",
        "trend_arrow": "🔺",
        "change_pct": 1925.9
      }
    },
    {
      "type": "Feature",
      "geometry": {
        "type": "Point",
        "coordinates": [
          15.75,
          46.25
        ]
      },
      "properties": {
        "type": "hotspot_cell",
        "score": 0.524,
        "count": 1,
        "cell_deg": 0.5,
        "sources": {
          "GDELT": 1,
          "USGS": 0,
          "GDACS": 0,
          "RSS": 0
        },
        "last7_score": 0.524,
        "prev7_score": 0.0,
        "trend": "new",
        "trend_arrow": "🆕",
        "change_pct": null
      }
    },
    {
      "type": "Feature",
      "geometry": {
        "type": "Point",
        "coordinates": [
          23.75,
          44.25
        ]
      },
      "properties": {
        "type": "hotspot_cell",
        "score": 1.269,
        "count": 4,
        "cell_deg": 0.5,
        "sources": {
          "GDELT": 4,
          "USGS": 0,
          "GDACS": 0,
          "RSS": 0
        },
        "last7_score": 1.203,
        "prev7_score": 0.066,
        "trend": "up",
        "trend_arrow": "🔺",
        "change_pct": 1735.0
      }
    },
    {
      "type": "Feature",
      "geometry": {
        "type": "Point",
        "coordinates": [
          18.25,
          47.25
        ]
      },
      "properties": {
        "type": "hotspot_cell",
        "score": 0.524,
        "count": 1,
        "cell_deg": 0.5,
        "sources": {
          "GDELT": 1,
          "USGS": 0,
          "GDACS": 0,
          "RSS": 0
        },
        "last7_score": 0.524,
        "prev7_score": 0.0,
        "trend": "new",
        "trend_arrow": "🆕",
        "change_pct": null
      }
    },
    {
      "type": "Feature",
      "geometry": {
        "type": "Point",
        "coordinates": [
          25.75,
          46.25
        ]
      },
      "properties": {
        "type": "hotspot_cell",
        "score": 0.524,
        "count": 1,
        "cell_deg": 0.5,
        "sources": {
          "GDELT": 1,
          "USGS": 0,
          "GDACS": 0,
          "RSS": 0
        },
        "last7_score": 0.524,
        "prev7_score": 0.0,
        "trend": "new",
        "trend_arrow": "🆕",
        "change_pct": null
      }
    },
    {
      "type": "Feature",
      "geometry": {
        "type": "Point",
        "coordinates": [
          27.75,
          42.25
        ]
      },
      "properties": {
        "type": "hotspot_cell",
        "score": 0.524,
        "count": 1,
        "cell_deg": 0.5,
        "sources": {
          "GDELT": 1,
          "USGS": 0,
          "GDACS": 0,
          "RSS": 0
        },
        "last7_score": 0.524,
        "prev7_score": 0.0,
        "trend": "new",
        "trend_arrow": "🆕",
        "change_pct": null
      }
    },
    {
      "type": "Feature",
      "geometry": {
        "type": "Point",
        "coordinates": [
          27.25,
          42.75
        ]
      },
      "properties": {
        "type": "hotspot_cell",
        "score": 3.645,
        "count": 17,
        "cell_deg": 0.5,
        "sources": {
          "GDELT": 17,
          "USGS": 0,
          "GDACS": 0,
          "RSS": 0
        },
        "last7_score": 2.805,
        "prev7_score": 0.84,
        "trend": "up",
        "trend_arrow": "🔺",
        "change_pct": 233.8
      }
    },
    {
      "type": "Feature",
      "geometry": {
        "type": "Point",
        "coordinates": [
          24.75,
          46.75
        ]
      },
      "properties": {
        "type": "hotspot_cell",
        "score": 1.153,
        "count": 3,
        "cell_deg": 0.5,
        "sources": {
          "GDELT": 3,
          "USGS": 0,
          "GDACS": 0,
          "RSS": 0
        },
        "last7_score": 1.049,
        "prev7_score": 0.104,
        "trend": "up",
        "trend_arrow": "🔺",
        "change_pct": 907.9
      }
    },
    {
      "type": "Feature",
      "geometry": {
        "type": "Point",
        "coordinates": [
          22.75,
          45.75
        ]
      },
      "properties": {
        "type": "hotspot_cell",
        "score": 1.023,
        "count": 3,
        "cell_deg": 0.5,
        "sources": {
          "GDELT": 3,
          "USGS": 0,
          "GDACS": 0,
          "RSS": 0
        },
        "last7_score": 0.941,
        "prev7_score": 0.083,
        "trend": "up",
        "trend_arrow": "🔺",
        "change_pct": 1038.9
      }
    },
    {
      "type": "Feature",
      "geometry": {
        "type": "Point",
        "coordinates": [
          20.75,
          42.25
        ]
      },
      "properties": {
        "type": "hotspot_cell",
        "score": 0.524,
        "count": 1,
        "cell_deg": 0.5,
        "sources": {
          "GDELT": 1,
          "USGS": 0,
          "GDACS": 0,
          "RSS": 0
        },
        "last7_score": 0.524,
        "prev7_score": 0.0,
        "trend": "new",
        "trend_arrow": "🆕",
        "change_pct": null
      }
    },
    {
      "type": "Feature",
      "geometry": {
        "type": "Point",
        "coordinates": [
          21.75,
          42.75
        ]
      },
      "properties": {
        "type": "hotspot_cell",
        "score": 0.524,
        "count": 1,
        "cell_deg": 0.5,
        "sources": {
          "GDELT": 1,
          "USGS": 0,
          "GDACS": 0,
          "RSS": 0
        },
        "last7_score": 0.524,
        "prev7_score": 0.0,
        "trend": "new",
        "trend_arrow": "🆕",
        "change_pct": null
      }
    },
    {
      "type": "Feature",
      "geometry": {
        "type": "Point",
        "coordinates": [
          21.75,
          37.75
        ]
      },
      "properties": {
        "type": "hotspot_cell",
        "score": 0.524,
        "count": 1,
        "cell_deg": 0.5,
        "sources": {
          "GDELT": 1,
          "USGS": 0,
          "GDACS": 0,
          "RSS": 0
        },
        "last7_score": 0.524,
        "prev7_score": 0.0,
        "trend": "new",
        "trend_arrow": "🆕",
        "change_pct": null
      }
    },
    {
      "type": "Feature",
      "geometry": {
        "type": "Point",
        "coordinates": [
          20.75,
          38.75
        ]
      },
      "properties": {
        "type": "hotspot_cell",
        "score": 0.577,
        "count": 2,
        "cell_deg": 0.5,
        "sources": {
          "GDELT": 2,
          "USGS": 0,
          "GDACS": 0,
          "RSS": 0
        },
        "last7_score": 0.524,
        "prev7_score": 0.052,
        "trend": "up",
        "trend_arrow": "🔺",
        "change_pct": 907.9
      }
    },
    {
      "type": "Feature",
      "geometry": {
        "type": "Point",
        "coordinates": [
          26.75,
          45.75
        ]
      },
      "properties": {
        "type": "hotspot_cell",
        "score": 0.524,
        "count": 1,
        "cell_deg": 0.5,
        "sources": {
          "GDELT": 1,
          "USGS": 0,
          "GDACS": 0,
          "RSS": 0
        },
        "last7_score": 0.524,
        "prev7_score": 0.0,
        "trend": "new",
        "trend_arrow": "🆕",
        "change_pct": null
      }
    },
    {
      "type": "Feature",
      "geometry": {
        "type": "Point",
        "coordinates": [
          18.75,
          46.75
        ]
      },
      "properties": {
        "type": "hotspot_cell",
        "score": 1.072,
        "count": 4,
        "cell_deg": 0.5,
        "sources": {
          "GDELT": 4,
          "USGS": 0,
          "GDACS": 0,
          "RSS": 0
        },
        "last7_score": 0.941,
        "prev7_score": 0.131,
        "trend": "up",
        "trend_arrow": "🔺",
        "change_pct": 617.5
      }
    },
    {
      "type": "Feature",
      "geometry": {
        "type": "Point",
        "coordinates": [
          16.75,
          46.75
        ]
      },
      "properties": {
        "type": "hotspot_cell",
        "score": 0.524,
        "count": 1,
        "cell_deg": 0.5,
        "sources": {
          "GDELT": 1,
          "USGS": 0,
          "GDACS": 0,
          "RSS": 0
        },
        "last7_score": 0.524,
        "prev7_score": 0.0,
        "trend": "new",
        "trend_arrow": "🆕",
        "change_pct": null
      }
    },
    {
      "type": "Feature",
      "geometry": {
        "type": "Point",
        "coordinates": [
          17.25,
          46.75
        ]
      },
      "properties": {
        "type": "hotspot_cell",
        "score": 0.524,
        "count": 1,
        "cell_deg": 0.5,
        "sources": {
          "GDELT": 1,
          "USGS": 0,
          "GDACS": 0,
          "RSS": 0
        },
        "last7_score": 0.524,
        "prev7_score": 0.0,
        "trend": "new",
        "trend_arrow": "🆕",
        "change_pct": null
      }
    },
    {
      "type": "Feature",
      "geometry": {
        "type": "Point",
        "coordinates": [
          29.75,
          40.25
        ]
      },
      "properties": {
        "type": "hotspot_cell",
        "score": 0.577,
        "count": 2,
        "cell_deg": 0.5,
        "sources": {
          "GDELT": 2,
          "USGS": 0,
          "GDACS": 0,
          "RSS": 0
        },
        "last7_score": 0.524,
        "prev7_score": 0.052,
        "trend": "up",
        "trend_arrow": "🔺",
        "change_pct": 907.9
      }
    },
    {
      "type": "Feature",
      "geometry": {
        "type": "Point",
        "coordinates": [
          19.25,
          43.75
        ]
      },
      "properties": {
        "type": "hotspot_cell",
        "score": 0.524,
        "count": 1,
        "cell_deg": 0.5,
        "sources": {
          "GDELT": 1,
          "USGS": 0,
          "GDACS": 0,
          "RSS": 0
        },
        "last7_score": 0.524,
        "prev7_score": 0.0,
        "trend": "new",
        "trend_arrow": "🆕",
        "change_pct": null
      }
    },
    {
      "type": "Feature",
      "geometry": {
        "type": "Point",
        "coordinates": [
          27.25,
          38.75
        ]
      },
      "properties": {
        "type": "hotspot_cell",
        "score": 2.432,
        "count": 8,
        "cell_deg": 0.5,
        "sources": {
          "GDELT": 8,
          "USGS": 0,
          "GDACS": 0,
          "RSS": 0
        },
        "last7_score": 2.172,
        "prev7_score": 0.26,
        "trend": "up",
        "trend_arrow": "🔺",
        "change_pct": 734.8
      }
    },
    {
      "type": "Feature",
      "geometry": {
        "type": "Point",
        "coordinates": [
          20.25,
          46.25
        ]
      },
      "properties": {
        "type": "hotspot_cell",
        "score": 0.679,
        "count": 2,
        "cell_deg": 0.5,
        "sources": {
          "GDELT": 2,
          "USGS": 0,
          "GDACS": 0,
          "RSS": 0
        },
        "last7_score": 0.679,
        "prev7_score": 0.0,
        "trend": "new",
        "trend_arrow": "🆕",
        "change_pct": null
      }
    },
    {
      "type": "Feature",
      "geometry": {
        "type": "Point",
        "coordinates": [
          29.75,
          38.75
        ]
      },
      "properties": {
        "type": "hotspot_cell",
        "score": 3.275,
        "count": 20,
        "cell_deg": 0.5,
        "sources": {
          "GDELT": 20,
          "USGS": 0,
          "GDACS": 0,
          "RSS": 0
        },
        "last7_score": 1.67,
        "prev7_score": 1.605,
        "trend": "flat",
        "trend_arrow": "▬",
        "change_pct": 4.0
      }
    },
    {
      "type": "Feature",
      "geometry": {
        "type": "Point",
        "coordinates": [
          25.25,
          45.25
        ]
      },
      "properties": {
        "type": "hotspot_cell",
        "score": 0.833,
        "count": 2,
        "cell_deg": 0.5,
        "sources": {
          "GDELT": 2,
          "USGS": 0,
          "GDACS": 0,
          "RSS": 0
        },
        "last7_score": 0.833,
        "prev7_score": 0.0,
        "trend": "new",
        "trend_arrow": "🆕",
        "change_pct": null
      }
    },
    {
      "type": "Feature",
      "geometry": {
        "type": "Point",
        "coordinates": [
          27.75,
          44.25
        ]
      },
      "properties": {
        "type": "hotspot_cell",
        "score": 0.878,
        "count": 4,
        "cell_deg": 0.5,
        "sources": {
          "GDELT": 4,
          "USGS": 0,
          "GDACS": 0,
          "RSS": 0
        },
        "last7_score": 0.747,
        "prev7_score": 0.131,
        "trend": "up",
        "trend_arrow": "🔺",
        "change_pct": 469.5
      }
    },
    {
      "type": "Feature",
      "geometry": {
        "type": "Point",
        "coordinates": [
          23.25,
          37.75
        ]
      },
      "properties": {
        "type": "hotspot_cell",
        "score": 0.416,
        "count": 1,
        "cell_deg": 0.5,
        "sources": {
          "GDELT": 1,
          "USGS": 0,
          "GDACS": 0,
          "RSS": 0
        },
        "last7_score": 0.416,
        "prev7_score": 0.0,
        "trend": "new",
        "trend_arrow": "🆕",
        "change_pct": null
      }
    },
    {
      "type": "Feature",
      "geometry": {
        "type": "Point",
        "coordinates": [
          16.75,
          45.25
        ]
      },
      "properties": {
        "type": "hotspot_cell",
        "score": 0.63,
        "count": 3,
        "cell_deg": 0.5,
        "sources": {
          "GDELT": 3,
          "USGS": 0,
          "GDACS": 0,
          "RSS": 0
        },
        "last7_score": 0.416,
        "prev7_score": 0.214,
        "trend": "up",
        "trend_arrow": "🔺",
        "change_pct": 94.8
      }
    },
    {
      "type": "Feature",
      "geometry": {
        "type": "Point",
        "coordinates": [
          19.75,
          42.75
        ]
      },
      "properties": {
        "type": "hotspot_cell",
        "score": 0.416,
        "count": 1,
        "cell_deg": 0.5,
        "sources": {
          "GDELT": 1,
          "USGS": 0,
          "GDACS": 0,
          "RSS": 0
        },
        "last7_score": 0.416,
        "prev7_score": 0.0,
        "trend": "new",
        "trend_arrow": "🆕",
        "change_pct": null
      }
    },
    {
      "type": "Feature",
      "geometry": {
        "type": "Point",
        "coordinates": [
          23.25,
          39.25
        ]
      },
      "properties": {
        "type": "hotspot_cell",
        "score": 0.416,
        "count": 1,
        "cell_deg": 0.5,
        "sources": {
          "GDELT": 1,
          "USGS": 0,
          "GDACS": 0,
          "RSS": 0
        },
        "last7_score": 0.416,
        "prev7_score": 0.0,
        "trend": "new",
        "trend_arrow": "🆕",
        "change_pct": null
      }
    },
    {
      "type": "Feature",
      "geometry": {
        "type": "Point",
        "coordinates": [
          26.25,
          41.75
        ]
      },
      "properties": {
        "type": "hotspot_cell",
        "score": 0.852,
        "count": 6,
        "cell_deg": 0.5,
        "sources": {
          "GDELT": 6,
          "USGS": 0,
          "GDACS": 0,
          "RSS": 0
        },
        "last7_score": 0.416,
        "prev7_score": 0.435,
        "trend": "flat",
        "trend_arrow": "▬",
        "change_pct": -4.4
      }
    },
    {
      "type": "Feature",
      "geometry": {
        "type": "Point",
        "coordinates": [
          24.25,
          41.25
        ]
      },
      "properties": {
        "type": "hotspot_cell",
        "score": 0.747,
        "count": 2,
        "cell_deg": 0.5,
        "sources": {
          "GDELT": 2,
          "USGS": 0,
          "GDACS": 0,
          "RSS": 0
        },
        "last7_score": 0.747,
        "prev7_score": 0.0,
        "trend": "new",
        "trend_arrow": "🆕",
        "change_pct": null
      }
    },
    {
      "type": "Feature",
      "geometry": {
        "type": "Point",
        "coordinates": [
          18.25,
          45.25
        ]
      },
      "properties": {
        "type": "hotspot_cell",
        "score": 0.52,
        "count": 2,
        "cell_deg": 0.5,
        "sources": {
          "GDELT": 2,
          "USGS": 0,
          "GDACS": 0,
          "RSS": 0
        },
        "last7_score": 0.416,
        "prev7_score": 0.104,
        "trend": "up",
        "trend_arrow": "🔺",
        "change_pct": 300.0
      }
    },
    {
      "type": "Feature",
      "geometry": {
        "type": "Point",
        "coordinates": [
          28.25,
          45.25
        ]
      },
      "properties": {
        "type": "hotspot_cell",
        "score": 1.113,
        "count": 4,
        "cell_deg": 0.5,
        "sources": {
          "GDELT": 4,
          "USGS": 0,
          "GDACS": 0,
          "RSS": 0
        },
        "last7_score": 1.009,
        "prev7_score": 0.104,
        "trend": "up",
        "trend_arrow": "🔺",
        "change_pct": 869.5
      }
    },
    {
      "type": "Feature",
      "geometry": {
        "type": "Point",
        "coordinates": [
          29.25,
          40.75
        ]
      },
      "properties": {
        "type": "hotspot_cell",
        "score": 0.747,
        "count": 2,
        "cell_deg": 0.5,
        "sources": {
          "GDELT": 2,
          "USGS": 0,
          "GDACS": 0,
          "RSS": 0
        },
        "last7_score": 0.747,
        "prev7_score": 0.0,
        "trend": "new",
        "trend_arrow": "🆕",
        "change_pct": null
      }
    },
    {
      "type": "Feature",
      "geometry": {
        "type": "Point",
        "coordinates": [
          18.75,
          44.75
        ]
      },
      "properties": {
        "type": "hotspot_cell",
        "score": 0.416,
        "count": 1,
        "cell_deg": 0.5,
        "sources": {
          "GDELT": 1,
          "USGS": 0,
          "GDACS": 0,
          "RSS": 0
        },
        "last7_score": 0.416,
        "prev7_score": 0.0,
        "trend": "new",
        "trend_arrow": "🆕",
        "change_pct": null
      }
    },
    {
      "type": "Feature",
      "geometry": {
        "type": "Point",
        "coordinates": [
          24.25,
          40.75
        ]
      },
      "properties": {
        "type": "hotspot_cell",
        "score": 0.468,
        "count": 2,
        "cell_deg": 0.5,
        "sources": {
          "GDELT": 2,
          "USGS": 0,
          "GDACS": 0,
          "RSS": 0
        },
        "last7_score": 0.416,
        "prev7_score": 0.052,
        "trend": "up",
        "trend_arrow": "🔺",
        "change_pct": 700.0
      }
    },
    {
      "type": "Feature",
      "geometry": {
        "type": "Point",
        "coordinates": [
          19.25,
          46.25
        ]
      },
      "properties": {
        "type": "hotspot_cell",
        "score": 0.747,
        "count": 2,
        "cell_deg": 0.5,
        "sources": {
          "GDELT": 2,
          "USGS": 0,
          "GDACS": 0,
          "RSS": 0
        },
        "last7_score": 0.747,
        "prev7_score": 0.0,
        "trend": "new",
        "trend_arrow": "🆕",
        "change_pct": null
      }
    },
    {
      "type": "Feature",
      "geometry": {
        "type": "Point",
        "coordinates": [
          22.25,
          40.75
        ]
      },
      "properties": {
        "type": "hotspot_cell",
        "score": 0.482,
        "count": 2,
        "cell_deg": 0.5,
        "sources": {
          "GDELT": 2,
          "USGS": 0,
          "GDACS": 0,
          "RSS": 0
        },
        "last7_score": 0.416,
        "prev7_score": 0.066,
        "trend": "up",
        "trend_arrow": "🔺",
        "change_pct": 535.0
      }
    },
    {
      "type": "Feature",
      "geometry": {
        "type": "Point",
        "coordinates": [
          22.75,
          41.25
        ]
      },
      "properties": {
        "type": "hotspot_cell",
        "score": 0.33,
        "count": 1,
        "cell_deg": 0.5,
        "sources": {
          "GDELT": 1,
          "USGS": 0,
          "GDACS": 0,
          "RSS": 0
        },
        "last7_score": 0.33,
        "prev7_score": 0.0,
        "trend": "new",
        "trend_arrow": "🆕",
        "change_pct": null
      }
    },
    {
      "type": "Feature",
      "geometry": {
        "type": "Point",
        "coordinates": [
          28.25,
          44.25
        ]
      },
      "properties": {
        "type": "hotspot_cell",
        "score": 1.503,
        "count": 7,
        "cell_deg": 0.5,
        "sources": {
          "GDELT": 7,
          "USGS": 0,
          "GDACS": 0,
          "RSS": 0
        },
        "last7_score": 1.185,
        "prev7_score": 0.318,
        "trend": "up",
        "trend_arrow": "🔺",
        "change_pct": 273.0
      }
    },
    {
      "type": "Feature",
      "geometry": {
        "type": "Point",
        "coordinates": [
          24.75,
          45.75
        ]
      },
      "properties": {
        "type": "hotspot_cell",
        "score": 0.33,
        "count": 1,
        "cell_deg": 0.5,
        "sources": {
          "GDELT": 1,
          "USGS": 0,
          "GDACS": 0,
          "RSS": 0
        },
        "last7_score": 0.33,
        "prev7_score": 0.0,
        "trend": "new",
        "trend_arrow": "🆕",
        "change_pct": null
      }
    },
    {
      "type": "Feature",
      "geometry": {
        "type": "Point",
        "coordinates": [
          25.75,
          47.25
        ]
      },
      "properties": {
        "type": "hotspot_cell",
        "score": 0.413,
        "count": 2,
        "cell_deg": 0.5,
        "sources": {
          "GDELT": 2,
          "USGS": 0,
          "GDACS": 0,
          "RSS": 0
        },
        "last7_score": 0.33,
        "prev7_score": 0.083,
        "trend": "up",
        "trend_arrow": "🔺",
        "change_pct": 300.0
      }
    },
    {
      "type": "Feature",
      "geometry": {
        "type": "Point",
        "coordinates": [
          15.75,
          44.25
        ]
      },
      "properties": {
        "type": "hotspot_cell",
        "score": 0.33,
        "count": 1,
        "cell_deg": 0.5,
        "sources": {
          "GDELT": 1,
          "USGS": 0,
          "GDACS": 0,
          "RSS": 0
        },
        "last7_score": 0.33,
        "prev7_score": 0.0,
        "trend": "new",
        "trend_arrow": "🆕",
        "change_pct": null
      }
    },
    {
      "type": "Feature",
      "geometry": {
        "type": "Point",
        "coordinates": [
          22.25,
          45.75
        ]
      },
      "properties": {
        "type": "hotspot_cell",
        "score": 0.33,
        "count": 1,
        "cell_deg": 0.5,
        "sources": {
          "GDELT": 1,
          "USGS": 0,
          "GDACS": 0,
          "RSS": 0
        },
        "last7_score": 0.33,
        "prev7_score": 0.0,
        "trend": "new",
        "trend_arrow": "🆕",
        "change_pct": null
      }
    },
    {
      "type": "Feature",
      "geometry": {
        "type": "Point",
        "coordinates": [
          18.75,
          46.25
        ]
      },
      "properties": {
        "type": "hotspot_cell",
        "score": 0.33,
        "count": 1,
        "cell_deg": 0.5,
        "sources": {
          "GDELT": 1,
          "USGS": 0,
          "GDACS": 0,
          "RSS": 0
        },
        "last7_score": 0.33,
        "prev7_score": 0.0,
        "trend": "new",
        "trend_arrow": "🆕",
        "change_pct": null
      }
    },
    {
      "type": "Feature",
      "geometry": {
        "type": "Point",
        "coordinates": [
          26.25,
          44.75
        ]
      },
      "properties": {
        "type": "hotspot_cell",
        "score": 0.787,
        "count": 3,
        "cell_deg": 0.5,
        "sources": {
          "GDELT": 3,
          "USGS": 0,
          "GDACS": 0,
          "RSS": 0
        },
        "last7_score": 0.787,
        "prev7_score": 0.0,
        "trend": "new",
        "trend_arrow": "🆕",
        "change_pct": null
      }
    },
    {
      "type": "Feature",
      "geometry": {
        "type": "Point",
        "coordinates": [
          26.75,
          44.25
        ]
      },
      "properties": {
        "type": "hotspot_cell",
        "score": 0.262,
        "count": 1,
        "cell_deg": 0.5,
        "sources": {
          "GDELT": 1,
          "USGS": 0,
          "GDACS": 0,
          "RSS": 0
        },
        "last7_score": 0.262,
        "prev7_score": 0.0,
        "trend": "new",
        "trend_arrow": "🆕",
        "change_pct": null
      }
    },
    {
      "type": "Feature",
      "geometry": {
        "type": "Point",
        "coordinates": [
          22.25,
          38.25
        ]
      },
      "properties": {
        "type": "hotspot_cell",
        "score": 0.345,
        "count": 2,
        "cell_deg": 0.5,
        "sources": {
          "GDELT": 2,
          "USGS": 0,
          "GDACS": 0,
          "RSS": 0
        },
        "last7_score": 0.262,
        "prev7_score": 0.083,
        "trend": "up",
        "trend_arrow": "🔺",
        "change_pct": 217.5
      }
    },
    {
      "type": "Feature",
      "geometry": {
        "type": "Point",
        "coordinates": [
          23.75,
          42.25
        ]
      },
      "properties": {
        "type": "hotspot_cell",
        "score": 0.262,
        "count": 1,
        "cell_deg": 0.5,
        "sources": {
          "GDELT": 1,
          "USGS": 0,
          "GDACS": 0,
          "RSS": 0
        },
        "last7_score": 0.262,
        "prev7_score": 0.0,
        "trend": "new",
        "trend_arrow": "🆕",
        "change_pct": null
      }
    },
    {
      "type": "Feature",
      "geometry": {
        "type": "Point",
        "coordinates": [
          27.75,
          43.25
        ]
      },
      "properties": {
        "type": "hotspot_cell",
        "score": 0.262,
        "count": 1,
        "cell_deg": 0.5,
        "sources": {
          "GDELT": 1,
          "USGS": 0,
          "GDACS": 0,
          "RSS": 0
        },
        "last7_score": 0.262,
        "prev7_score": 0.0,
        "trend": "new",
        "trend_arrow": "🆕",
        "change_pct": null
      }
    },
    {
      "type": "Feature",
      "geometry": {
        "type": "Point",
        "coordinates": [
          26.75,
          46.25
        ]
      },
      "properties": {
        "type": "hotspot_cell",
        "score": 0.432,
        "count": 3,
        "cell_deg": 0.5,
        "sources": {
          "GDELT": 3,
          "USGS": 0,
          "GDACS": 0,
          "RSS": 0
        },
        "last7_score": 0.262,
        "prev7_score": 0.17,
        "trend": "up",
        "trend_arrow": "🔺",
        "change_pct": 54.6
      }
    },
    {
      "type": "Feature",
      "geometry": {
        "type": "Point",
        "coordinates": [
          21.75,
          40.75
        ]
      },
      "properties": {
        "type": "hotspot_cell",
        "score": 0.393,
        "count": 2,
        "cell_deg": 0.5,
        "sources": {
          "GDELT": 2,
          "USGS": 0,
          "GDACS": 0,
          "RSS": 0
        },
        "last7_score": 0.262,
        "prev7_score": 0.131,
        "trend": "up",
        "trend_arrow": "🔺",
        "change_pct": 100.0
      }
    },
    {
      "type": "Feature",
      "geometry": {
        "type": "Point",
        "coordinates": [
          28.25,
          41.25
        ]
      },
      "properties": {
        "type": "hotspot_cell",
        "score": 0.567,
        "count": 5,
        "cell_deg": 0.5,
        "sources": {
          "GDELT": 5,
          "USGS": 0,
          "GDACS": 0,
          "RSS": 0
        },
        "last7_score": 0.262,
        "prev7_score": 0.304,
        "trend": "down",
        "trend_arrow": "🔻",
        "change_pct": -13.8
      }
    },
    {
      "type": "Feature",
      "geometry": {
        "type": "Point",
        "coordinates": [
          24.75,
          42.25
        ]
      },
      "properties": {
        "type": "hotspot_cell",
        "score": 0.262,
        "count": 1,
        "cell_deg": 0.5,
        "sources": {
          "GDELT": 1,
          "USGS": 0,
          "GDACS": 0,
          "RSS": 0
        },
        "last7_score": 0.262,
        "prev7_score": 0.0,
        "trend": "new",
        "trend_arrow": "🆕",
        "change_pct": null
      }
    },
    {
      "type": "Feature",
      "geometry": {
        "type": "Point",
        "coordinates": [
          18.75,
          45.75
        ]
      },
      "properties": {
        "type": "hotspot_cell",
        "score": 0.262,
        "count": 1,
        "cell_deg": 0.5,
        "sources": {
          "GDELT": 1,
          "USGS": 0,
          "GDACS": 0,
          "RSS": 0
        },
        "last7_score": 0.262,
        "prev7_score": 0.0,
        "trend": "new",
        "trend_arrow": "🆕",
        "change_pct": null
      }
    },
    {
      "type": "Feature",
      "geometry": {
        "type": "Point",
        "coordinates": [
          27.25,
          37.75
        ]
      },
      "properties": {
        "type": "hotspot_cell",
        "score": 0.314,
        "count": 2,
        "cell_deg": 0.5,
        "sources": {
          "GDELT": 2,
          "USGS": 0,
          "GDACS": 0,
          "RSS": 0
        },
        "last7_score": 0.262,
        "prev7_score": 0.052,
        "trend": "up",
        "trend_arrow": "🔺",
        "change_pct": 404.0
      }
    },
    {
      "type": "Feature",
      "geometry": {
        "type": "Point",
        "coordinates": [
          17.25,
          47.25
        ]
      },
      "properties": {
        "type": "hotspot_cell",
        "score": 0.262,
        "count": 1,
        "cell_deg": 0.5,
        "sources": {
          "GDELT": 1,
          "USGS": 0,
          "GDACS": 0,
          "RSS": 0
        },
        "last7_score": 0.262,
        "prev7_score": 0.0,
        "trend": "new",
        "trend_arrow": "🆕",
        "change_pct": null
      }
    },
    {
      "type": "Feature",
      "geometry": {
        "type": "Point",
        "coordinates": [
          27.25,
          43.25
        ]
      },
      "properties": {
        "type": "hotspot_cell",
        "score": 0.262,
        "count": 1,
        "cell_deg": 0.5,
        "sources": {
          "GDELT": 1,
          "USGS": 0,
          "GDACS": 0,
          "RSS": 0
        },
        "last7_score": 0.262,
        "prev7_score": 0.0,
        "trend": "new",
        "trend_arrow": "🆕",
        "change_pct": null
      }
    },
    {
      "type": "Feature",
      "geometry": {
        "type": "Point",
        "coordinates": [
          25.75,
          43.25
        ]
      },
      "properties": {
        "type": "hotspot_cell",
        "score": 0.262,
        "count": 1,
        "cell_deg": 0.5,
        "sources": {
          "GDELT": 1,
          "USGS": 0,
          "GDACS": 0,
          "RSS": 0
        },
        "last7_score": 0.262,
        "prev7_score": 0.0,
        "trend": "new",
        "trend_arrow": "🆕",
        "change_pct": null
      }
    },
    {
      "type": "Feature",
      "geometry": {
        "type": "Point",
        "coordinates": [
          29.75,
          39.75
        ]
      },
      "properties": {
        "type": "hotspot_cell",
        "score": 0.393,
        "count": 2,
        "cell_deg": 0.5,
        "sources": {
          "GDELT": 2,
          "USGS": 0,
          "GDACS": 0,
          "RSS": 0
        },
        "last7_score": 0.262,
        "prev7_score": 0.131,
        "trend": "up",
        "trend_arrow": "🔺",
        "change_pct": 100.0
      }
    },
    {
      "type": "Feature",
      "geometry": {
        "type": "Point",
        "coordinates": [
          24.75,
          41.75
        ]
      },
      "properties": {
        "type": "hotspot_cell",
        "score": 0.262,
        "count": 1,
        "cell_deg": 0.5,
        "sources": {
          "GDELT": 1,
          "USGS": 0,
          "GDACS": 0,
          "RSS": 0
        },
        "last7_score": 0.262,
        "prev7_score": 0.0,
        "trend": "new",
        "trend_arrow": "🆕",
        "change_pct": null
      }
    },
    {
      "type": "Feature",
      "geometry": {
        "type": "Point",
        "coordinates": [
          28.25,
          47.25
        ]
      },
      "properties": {
        "type": "hotspot_cell",
        "score": 0.416,
        "count": 2,
        "cell_deg": 0.5,
        "sources": {
          "GDELT": 2,
          "USGS": 0,
          "GDACS": 0,
          "RSS": 0
        },
        "last7_score": 0.0,
        "prev7_score": 0.416,
        "trend": "down",
        "trend_arrow": "🔻",
        "change_pct": -100.0
      }
    },
    {
      "type": "Feature",
      "geometry": {
        "type": "Point",
        "coordinates": [
          23.25,
          38.75
        ]
      },
      "properties": {
        "type": "hotspot_cell",
        "score": 0.208,
        "count": 1,
        "cell_deg": 0.5,
        "sources": {
          "GDELT": 1,
          "USGS": 0,
          "GDACS": 0,
          "RSS": 0
        },
        "last7_score": 0.0,
        "prev7_score": 0.208,
        "trend": "down",
        "trend_arrow": "🔻",
        "change_pct": -100.0
      }
    },
    {
      "type": "Feature",
      "geometry": {
        "type": "Point",
        "coordinates": [
          13.75,
          46.25
        ]
      },
      "properties": {
        "type": "hotspot_cell",
        "score": 0.208,
        "count": 1,
        "cell_deg": 0.5,
        "sources": {
          "GDELT": 1,
          "USGS": 0,
          "GDACS": 0,
          "RSS": 0
        },
        "last7_score": 0.0,
        "prev7_score": 0.208,
        "trend": "down",
        "trend_arrow": "🔻",
        "change_pct": -100.0
      }
    },
    {
      "type": "Feature",
      "geometry": {
        "type": "Point",
        "coordinates": [
          20.75,
          40.75
        ]
      },
      "properties": {
        "type": "hotspot_cell",
        "score": 0.364,
        "count": 3,
        "cell_deg": 0.5,
        "sources": {
          "GDELT": 3,
          "USGS": 0,
          "GDACS": 0,
          "RSS": 0
        },
        "last7_score": 0.0,
        "prev7_score": 0.364,
        "trend": "down",
        "trend_arrow": "🔻",
        "change_pct": -100.0
      }
    },
    {
      "type": "Feature",
      "geometry": {
        "type": "Point",
        "coordinates": [
          28.75,
          44.75
        ]
      },
      "properties": {
        "type": "hotspot_cell",
        "score": 0.208,
        "count": 1,
        "cell_deg": 0.5,
        "sources": {
          "GDELT": 1,
          "USGS": 0,
          "GDACS": 0,
          "RSS": 0
        },
        "last7_score": 0.0,
        "prev7_score": 0.208,
        "trend": "down",
        "trend_arrow": "🔻",
        "change_pct": -100.0
      }
    },
    {
      "type": "Feature",
      "geometry": {
        "type": "Point",
        "coordinates": [
          19.75,
          40.75
        ]
      },
      "properties": {
        "type": "hotspot_cell",
        "score": 0.587,
        "count": 5,
        "cell_deg": 0.5,
        "sources": {
          "GDELT": 5,
          "USGS": 0,
          "GDACS": 0,
          "RSS": 0
        },
        "last7_score": 0.0,
        "prev7_score": 0.587,
        "trend": "down",
        "trend_arrow": "🔻",
        "change_pct": -100.0
      }
    },
    {
      "type": "Feature",
      "geometry": {
        "type": "Point",
        "coordinates": [
          23.75,
          46.75
        ]
      },
      "properties": {
        "type": "hotspot_cell",
        "score": 0.378,
        "count": 3,
        "cell_deg": 0.5,
        "sources": {
          "GDELT": 3,
          "USGS": 0,
          "GDACS": 0,
          "RSS": 0
        },
        "last7_score": 0.0,
        "prev7_score": 0.378,
        "trend": "down",
        "trend_arrow": "🔻",
        "change_pct": -100.0
      }
    },
    {
      "type": "Feature",
      "geometry": {
        "type": "Point",
        "coordinates": [
          24.25,
          42.75
        ]
      },
      "properties": {
        "type": "hotspot_cell",
        "score": 0.208,
        "count": 1,
        "cell_deg": 0.5,
        "sources": {
          "GDELT": 1,
          "USGS": 0,
          "GDACS": 0,
          "RSS": 0
        },
        "last7_score": 0.0,
        "prev7_score": 0.208,
        "trend": "down",
        "trend_arrow": "🔻",
        "change_pct": -100.0
      }
    },
    {
      "type": "Feature",
      "geometry": {
        "type": "Point",
        "coordinates": [
          25.25,
          42.75
        ]
      },
      "properties": {
        "type": "hotspot_cell",
        "score": 0.165,
        "count": 1,
        "cell_deg": 0.5,
        "sources": {
          "GDELT": 1,
          "USGS": 0,
          "GDACS": 0,
          "RSS": 0
        },
        "last7_score": 0.0,
        "prev7_score": 0.165,
        "trend": "down",
        "trend_arrow": "🔻",
        "change_pct": -100.0
      }
    },
    {
      "type": "Feature",
      "geometry": {
        "type": "Point",
        "coordinates": [
          17.75,
          43.25
        ]
      },
      "properties": {
        "type": "hotspot_cell",
        "score": 0.165,
        "count": 1,
        "cell_deg": 0.5,
        "sources": {
          "GDELT": 1,
          "USGS": 0,
          "GDACS": 0,
          "RSS": 0
        },
        "last7_score": 0.0,
        "prev7_score": 0.165,
        "trend": "down",
        "trend_arrow": "🔻",
        "change_pct": -100.0
      }
    },
    {
      "type": "Feature",
      "geometry": {
        "type": "Point",
        "coordinates": [
          24.25,
          47.25
        ]
      },
      "properties": {
        "type": "hotspot_cell",
        "score": 0.165,
        "count": 1,
        "cell_deg": 0.5,
        "sources": {
          "GDELT": 1,
          "USGS": 0,
          "GDACS": 0,
          "RSS": 0
        },
        "last7_score": 0.0,
        "prev7_score": 0.165,
        "trend": "down",
        "trend_arrow": "🔻",
        "change_pct": -100.0
      }
    },
    {
      "type": "Feature",
      "geometry": {
        "type": "Point",
        "coordinates": [
          26.25,
          45.25
        ]
      },
      "properties": {
        "type": "hotspot_cell",
        "score": 0.165,
        "count": 1,
        "cell_deg": 0.5,
        "sources": {
          "GDELT": 1,
          "USGS": 0,
          "GDACS": 0,
          "RSS": 0
        },
        "last7_score": 0.0,
        "prev7_score": 0.165,
        "trend": "down",
        "trend_arrow": "🔻",
        "change_pct": -100.0
      }
    },
    {
      "type": "Feature",
      "geometry": {
        "type": "Point",
        "coordinates": [
          21.75,
          47.25
        ]
      },
      "properties": {
        "type": "hotspot_cell",
        "score": 0.165,
        "count": 1,
        "cell_deg": 0.5,
        "sources": {
          "GDELT": 1,
          "USGS": 0,
          "GDACS": 0,
          "RSS": 0
        },
        "last7_score": 0.0,
        "prev7_score": 0.165,
        "trend": "down",
        "trend_arrow": "🔻",
        "change_pct": -100.0
      }
    },
    {
      "type": "Feature",
      "geometry": {
        "type": "Point",
        "coordinates": [
          29.25,
          38.25
        ]
      },
      "properties": {
        "type": "hotspot_cell",
        "score": 0.165,
        "count": 1,
        "cell_deg": 0.5,
        "sources": {
          "GDELT": 1,
          "USGS": 0,
          "GDACS": 0,
          "RSS": 0
        },
        "last7_score": 0.0,
        "prev7_score": 0.165,
        "trend": "down",
        "trend_arrow": "🔻",
        "change_pct": -100.0
      }
    },
    {
      "type": "Feature",
      "geometry": {
        "type": "Point",
        "coordinates": [
          27.25,
          44.75
        ]
      },
      "properties": {
        "type": "hotspot_cell",
        "score": 0.235,
        "count": 2,
        "cell_deg": 0.5,
        "sources": {
          "GDELT": 2,
          "USGS": 0,
          "GDACS": 0,
          "RSS": 0
        },
        "last7_score": 0.0,
        "prev7_score": 0.235,
        "trend": "down",
        "trend_arrow": "🔻",
        "change_pct": -100.0
      }
    },
    {
      "type": "Feature",
      "geometry": {
        "type": "Point",
        "coordinates": [
          24.75,
          43.75
        ]
      },
      "properties": {
        "type": "hotspot_cell",
        "score": 0.183,
        "count": 2,
        "cell_deg": 0.5,
        "sources": {
          "GDELT": 2,
          "USGS": 0,
          "GDACS": 0,
          "RSS": 0
        },
        "last7_score": 0.0,
        "prev7_score": 0.183,
        "trend": "down",
        "trend_arrow": "🔻",
        "change_pct": -100.0
      }
    },
    {
      "type": "Feature",
      "geometry": {
        "type": "Point",
        "coordinates": [
          27.25,
          40.25
        ]
      },
      "properties": {
        "type": "hotspot_cell",
        "score": 0.131,
        "count": 1,
        "cell_deg": 0.5,
        "sources": {
          "GDELT": 1,
          "USGS": 0,
          "GDACS": 0,
          "RSS": 0
        },
        "last7_score": 0.0,
        "prev7_score": 0.131,
        "trend": "down",
        "trend_arrow": "🔻",
        "change_pct": -100.0
      }
    },
    {
      "type": "Feature",
      "geometry": {
        "type": "Point",
        "coordinates": [
          13.75,
          44.75
        ]
      },
      "properties": {
        "type": "hotspot_cell",
        "score": 0.131,
        "count": 1,
        "cell_deg": 0.5,
        "sources": {
          "GDELT": 1,
          "USGS": 0,
          "GDACS": 0,
          "RSS": 0
        },
        "last7_score": 0.0,
        "prev7_score": 0.131,
        "trend": "down",
        "trend_arrow": "🔻",
        "change_pct": -100.0
      }
    },
    {
      "type": "Feature",
      "geometry": {
        "type": "Point",
        "coordinates": [
          22.75,
          40.25
        ]
      },
      "properties": {
        "type": "hotspot_cell",
        "score": 0.131,
        "count": 1,
        "cell_deg": 0.5,
        "sources": {
          "GDELT": 1,
          "USGS": 0,
          "GDACS": 0,
          "RSS": 0
        },
        "last7_score": 0.0,
        "prev7_score": 0.131,
        "trend": "down",
        "trend_arrow": "🔻",
        "change_pct": -100.0
      }
    },
    {
      "type": "Feature",
      "geometry": {
        "type": "Point",
        "coordinates": [
          18.25,
          42.75
        ]
      },
      "properties": {
        "type": "hotspot_cell",
        "score": 0.131,
        "count": 1,
        "cell_deg": 0.5,
        "sources": {
          "GDELT": 1,
          "USGS": 0,
          "GDACS": 0,
          "RSS": 0
        },
        "last7_score": 0.0,
        "prev7_score": 0.131,
        "trend": "down",
        "trend_arrow": "🔻",
        "change_pct": -100.0
      }
    },
    {
      "type": "Feature",
      "geometry": {
        "type": "Point",
        "coordinates": [
          23.75,
          41.75
        ]
      },
      "properties": {
        "type": "hotspot_cell",
        "score": 0.131,
        "count": 1,
        "cell_deg": 0.5,
        "sources": {
          "GDELT": 1,
          "USGS": 0,
          "GDACS": 0,
          "RSS": 0
        },
        "last7_score": 0.0,
        "prev7_score": 0.131,
        "trend": "down",
        "trend_arrow": "🔻",
        "change_pct": -100.0
      }
    },
    {
      "type": "Feature",
      "geometry": {
        "type": "Point",
        "coordinates": [
          22.75,
          44.25
        ]
      },
      "properties": {
        "type": "hotspot_cell",
        "score": 0.131,
        "count": 1,
        "cell_deg": 0.5,
        "sources": {
          "GDELT": 1,
          "USGS": 0,
          "GDACS": 0,
          "RSS": 0
        },
        "last7_score": 0.0,
        "prev7_score": 0.131,
        "trend": "down",
        "trend_arrow": "🔻",
        "change_pct": -100.0
      }
    },
    {
      "type": "Feature",
      "geometry": {
        "type": "Point",
        "coordinates": [
          22.75,
          46.25
        ]
      },
      "properties": {
        "type": "hotspot_cell",
        "score": 0.104,
        "count": 1,
        "cell_deg": 0.5,
        "sources": {
          "GDELT": 1,
          "USGS": 0,
          "GDACS": 0,
          "RSS": 0
        },
        "last7_score": 0.0,
        "prev7_score": 0.104,
        "trend": "down",
        "trend_arrow": "🔻",
        "change_pct": -100.0
      }
    },
    {
      "type": "Feature",
      "geometry": {
        "type": "Point",
        "coordinates": [
          21.25,
          42.25
        ]
      },
      "properties": {
        "type": "hotspot_cell",
        "score": 0.17,
        "count": 2,
        "cell_deg": 0.5,
        "sources": {
          "GDELT": 2,
          "USGS": 0,
          "GDACS": 0,
          "RSS": 0
        },
        "last7_score": 0.0,
        "prev7_score": 0.17,
        "trend": "down",
        "trend_arrow": "🔻",
        "change_pct": -100.0
      }
    },
    {
      "type": "Feature",
      "geometry": {
        "type": "Point",
        "coordinates": [
          22.25,
          38.75
        ]
      },
      "properties": {
        "type": "hotspot_cell",
        "score": 0.104,
        "count": 1,
        "cell_deg": 0.5,
        "sources": {
          "GDELT": 1,
          "USGS": 0,
          "GDACS": 0,
          "RSS": 0
        },
        "last7_score": 0.0,
        "prev7_score": 0.104,
        "trend": "down",
        "trend_arrow": "🔻",
        "change_pct": -100.0
      }
    },
    {
      "type": "Feature",
      "geometry": {
        "type": "Point",
        "coordinates": [
          26.75,
          37.75
        ]
      },
      "properties": {
        "type": "hotspot_cell",
        "score": 0.104,
        "count": 1,
        "cell_deg": 0.5,
        "sources": {
          "GDELT": 1,
          "USGS": 0,
          "GDACS": 0,
          "RSS": 0
        },
        "last7_score": 0.0,
        "prev7_score": 0.104,
        "trend": "down",
        "trend_arrow": "🔻",
        "change_pct": -100.0
      }
    },
    {
      "type": "Feature",
      "geometry": {
        "type": "Point",
        "coordinates": [
          21.25,
          37.75
        ]
      },
      "properties": {
        "type": "hotspot_cell",
        "score": 0.17,
        "count": 2,
        "cell_deg": 0.5,
        "sources": {
          "GDELT": 2,
          "USGS": 0,
          "GDACS": 0,
          "RSS": 0
        },
        "last7_score": 0.0,
        "prev7_score": 0.17,
        "trend": "down",
        "trend_arrow": "🔻",
        "change_pct": -100.0
      }
    },
    {
      "type": "Feature",
      "geometry": {
        "type": "Point",
        "coordinates": [
          22.75,
          44.75
        ]
      },
      "properties": {
        "type": "hotspot_cell",
        "score": 0.104,
        "count": 1,
        "cell_deg": 0.5,
        "sources": {
          "GDELT": 1,
          "USGS": 0,
          "GDACS": 0,
          "RSS": 0
        },
        "last7_score": 0.0,
        "prev7_score": 0.104,
        "trend": "down",
        "trend_arrow": "🔻",
        "change_pct": -100.0
      }
    },
    {
      "type": "Feature",
      "geometry": {
        "type": "Point",
        "coordinates": [
          18.25,
          46.75
        ]
      },
      "properties": {
        "type": "hotspot_cell",
        "score": 0.187,
        "count": 2,
        "cell_deg": 0.5,
        "sources": {
          "GDELT": 2,
          "USGS": 0,
          "GDACS": 0,
          "RSS": 0
        },
        "last7_score": 0.0,
        "prev7_score": 0.187,
        "trend": "down",
        "trend_arrow": "🔻",
        "change_pct": -100.0
      }
    },
    {
      "type": "Feature",
      "geometry": {
        "type": "Point",
        "coordinates": [
          16.75,
          45.75
        ]
      },
      "properties": {
        "type": "hotspot_cell",
        "score": 0.104,
        "count": 1,
        "cell_deg": 0.5,
        "sources": {
          "GDELT": 1,
          "USGS": 0,
          "GDACS": 0,
          "RSS": 0
        },
        "last7_score": 0.0,
        "prev7_score": 0.104,
        "trend": "down",
        "trend_arrow": "🔻",
        "change_pct": -100.0
      }
    },
    {
      "type": "Feature",
      "geometry": {
        "type": "Point",
        "coordinates": [
          23.25,
          45.25
        ]
      },
      "properties": {
        "type": "hotspot_cell",
        "score": 0.148,
        "count": 2,
        "cell_deg": 0.5,
        "sources": {
          "GDELT": 2,
          "USGS": 0,
          "GDACS": 0,
          "RSS": 0
        },
        "last7_score": 0.0,
        "prev7_score": 0.148,
        "trend": "down",
        "trend_arrow": "🔻",
        "change_pct": -100.0
      }
    },
    {
      "type": "Feature",
      "geometry": {
        "type": "Point",
        "coordinates": [
          23.25,
          42.25
        ]
      },
      "properties": {
        "type": "hotspot_cell",
        "score": 0.083,
        "count": 1,
        "cell_deg": 0.5,
        "sources": {
          "GDELT": 1,
          "USGS": 0,
          "GDACS": 0,
          "RSS": 0
        },
        "last7_score": 0.0,
        "prev7_score": 0.083,
        "trend": "down",
        "trend_arrow": "🔻",
        "change_pct": -100.0
      }
    },
    {
      "type": "Feature",
      "geometry": {
        "type": "Point",
        "coordinates": [
          20.25,
          40.75
        ]
      },
      "properties": {
        "type": "hotspot_cell",
        "score": 0.083,
        "count": 1,
        "cell_deg": 0.5,
        "sources": {
          "GDELT": 1,
          "USGS": 0,
          "GDACS": 0,
          "RSS": 0
        },
        "last7_score": 0.0,
        "prev7_score": 0.083,
        "trend": "down",
        "trend_arrow": "🔻",
        "change_pct": -100.0
      }
    },
    {
      "type": "Feature",
      "geometry": {
        "type": "Point",
        "coordinates": [
          22.25,
          39.75
        ]
      },
      "properties": {
        "type": "hotspot_cell",
        "score": 0.148,
        "count": 2,
        "cell_deg": 0.5,
        "sources": {
          "GDELT": 2,
          "USGS": 0,
          "GDACS": 0,
          "RSS": 0
        },
        "last7_score": 0.0,
        "prev7_score": 0.148,
        "trend": "down",
        "trend_arrow": "🔻",
        "change_pct": -100.0
      }
    },
    {
      "type": "Feature",
      "geometry": {
        "type": "Point",
        "coordinates": [
          19.75,
          39.75
        ]
      },
      "properties": {
        "type": "hotspot_cell",
        "score": 0.083,
        "count": 1,
        "cell_deg": 0.5,
        "sources": {
          "GDELT": 1,
          "USGS": 0,
          "GDACS": 0,
          "RSS": 0
        },
        "last7_score": 0.0,
        "prev7_score": 0.083,
        "trend": "down",
        "trend_arrow": "🔻",
        "change_pct": -100.0
      }
    },
    {
      "type": "Feature",
      "geometry": {
        "type": "Point",
        "coordinates": [
          27.75,
          41.25
        ]
      },
      "properties": {
        "type": "hotspot_cell",
        "score": 0.083,
        "count": 1,
        "cell_deg": 0.5,
        "sources": {
          "GDELT": 1,
          "USGS": 0,
          "GDACS": 0,
          "RSS": 0
        },
        "last7_score": 0.0,
        "prev7_score": 0.083,
        "trend": "down",
        "trend_arrow": "🔻",
        "change_pct": -100.0
      }
    },
    {
      "type": "Feature",
      "geometry": {
        "type": "Point",
        "coordinates": [
          23.75,
          43.25
        ]
      },
      "properties": {
        "type": "hotspot_cell",
        "score": 0.083,
        "count": 1,
        "cell_deg": 0.5,
        "sources": {
          "GDELT": 1,
          "USGS": 0,
          "GDACS": 0,
          "RSS": 0
        },
        "last7_score": 0.0,
        "prev7_score": 0.083,
        "trend": "down",
        "trend_arrow": "🔻",
        "change_pct": -100.0
      }
    },
    {
      "type": "Feature",
      "geometry": {
        "type": "Point",
        "coordinates": [
          22.25,
          37.75
        ]
      },
      "properties": {
        "type": "hotspot_cell",
        "score": 0.148,
        "count": 2,
        "cell_deg": 0.5,
        "sources": {
          "GDELT": 2,
          "USGS": 0,
          "GDACS": 0,
          "RSS": 0
        },
        "last7_score": 0.0,
        "prev7_score": 0.148,
        "trend": "down",
        "trend_arrow": "🔻",
        "change_pct": -100.0
      }
    },
    {
      "type": "Feature",
      "geometry": {
        "type": "Point",
        "coordinates": [
          22.75,
          43.75
        ]
      },
      "properties": {
        "type": "hotspot_cell",
        "score": 0.083,
        "count": 1,
        "cell_deg": 0.5,
        "sources": {
          "GDELT": 1,
          "USGS": 0,
          "GDACS": 0,
          "RSS": 0
        },
        "last7_score": 0.0,
        "prev7_score": 0.083,
        "trend": "down",
        "trend_arrow": "🔻",
        "change_pct": -100.0
      }
    },
    {
      "type": "Feature",
      "geometry": {
        "type": "Point",
        "coordinates": [
          19.25,
          42.25
        ]
      },
      "properties": {
        "type": "hotspot_cell",
        "score": 0.083,
        "count": 1,
        "cell_deg": 0.5,
        "sources": {
          "GDELT": 1,
          "USGS": 0,
          "GDACS": 0,
          "RSS": 0
        },
        "last7_score": 0.0,
        "prev7_score": 0.083,
        "trend": "down",
        "trend_arrow": "🔻",
        "change_pct": -100.0
      }
    },
    {
      "type": "Feature",
      "geometry": {
        "type": "Point",
        "coordinates": [
          23.25,
          45.75
        ]
      },
      "properties": {
        "type": "hotspot_cell",
        "score": 0.083,
        "count": 1,
        "cell_deg": 0.5,
        "sources": {
          "GDELT": 1,
          "USGS": 0,
          "GDACS": 0,
          "RSS": 0
        },
        "last7_score": 0.0,
        "prev7_score": 0.083,
        "trend": "down",
        "trend_arrow": "🔻",
        "change_pct": -100.0
      }
    },
    {
      "type": "Feature",
      "geometry": {
        "type": "Point",
        "coordinates": [
          20.25,
          40.25
        ]
      },
      "properties": {
        "type": "hotspot_cell",
        "score": 0.148,
        "count": 2,
        "cell_deg": 0.5,
        "sources": {
          "GDELT": 2,
          "USGS": 0,
          "GDACS": 0,
          "RSS": 0
        },
        "last7_score": 0.0,
        "prev7_score": 0.148,
        "trend": "down",
        "trend_arrow": "🔻",
        "change_pct": -100.0
      }
    },
    {
      "type": "Feature",
      "geometry": {
        "type": "Point",
        "coordinates": [
          22.25,
          47.25
        ]
      },
      "properties": {
        "type": "hotspot_cell",
        "score": 0.083,
        "count": 1,
        "cell_deg": 0.5,
        "sources": {
          "GDELT": 1,
          "USGS": 0,
          "GDACS": 0,
          "RSS": 0
        },
        "last7_score": 0.0,
        "prev7_score": 0.083,
        "trend": "down",
        "trend_arrow": "🔻",
        "change_pct": -100.0
      }
    },
    {
      "type": "Feature",
      "geometry": {
        "type": "Point",
        "coordinates": [
          23.75,
          46.25
        ]
      },
      "properties": {
        "type": "hotspot_cell",
        "score": 0.083,
        "count": 1,
        "cell_deg": 0.5,
        "sources": {
          "GDELT": 1,
          "USGS": 0,
          "GDACS": 0,
          "RSS": 0
        },
        "last7_score": 0.0,
        "prev7_score": 0.083,
        "trend": "down",
        "trend_arrow": "🔻",
        "change_pct": -100.0
      }
    },
    {
      "type": "Feature",
      "geometry": {
        "type": "Point",
        "coordinates": [
          23.25,
          43.25
        ]
      },
      "properties": {
        "type": "hotspot_cell",
        "score": 0.118,
        "count": 2,
        "cell_deg": 0.5,
        "sources": {
          "GDELT": 2,
          "USGS": 0,
          "GDACS": 0,
          "RSS": 0
        },
        "last7_score": 0.0,
        "prev7_score": 0.118,
        "trend": "down",
        "trend_arrow": "🔻",
        "change_pct": -100.0
      }
    },
    {
      "type": "Feature",
      "geometry": {
        "type": "Point",
        "coordinates": [
          18.75,
          47.25
        ]
      },
      "properties": {
        "type": "hotspot_cell",
        "score": 0.118,
        "count": 2,
        "cell_deg": 0.5,
        "sources": {
          "GDELT": 2,
          "USGS": 0,
          "GDACS": 0,
          "RSS": 0
        },
        "last7_score": 0.0,
        "prev7_score": 0.118,
        "trend": "down",
        "trend_arrow": "🔻",
        "change_pct": -100.0
      }
    },
    {
      "type": "Feature",
      "geometry": {
        "type": "Point",
        "coordinates": [
          21.25,
          47.25
        ]
      },
      "properties": {
        "type": "hotspot_cell",
        "score": 0.066,
        "count": 1,
        "cell_deg": 0.5,
        "sources": {
          "GDELT": 1,
          "USGS": 0,
          "GDACS": 0,
          "RSS": 0
        },
        "last7_score": 0.0,
        "prev7_score": 0.066,
        "trend": "down",
        "trend_arrow": "🔻",
        "change_pct": -100.0
      }
    },
    {
      "type": "Feature",
      "geometry": {
        "type": "Point",
        "coordinates": [
          27.25,
          43.75
        ]
      },
      "properties": {
        "type": "hotspot_cell",
        "score": 0.066,
        "count": 1,
        "cell_deg": 0.5,
        "sources": {
          "GDELT": 1,
          "USGS": 0,
          "GDACS": 0,
          "RSS": 0
        },
        "last7_score": 0.0,
        "prev7_score": 0.066,
        "trend": "down",
        "trend_arrow": "🔻",
        "change_pct": -100.0
      }
    },
    {
      "type": "Feature",
      "geometry": {
        "type": "Point",
        "coordinates": [
          24.75,
          43.25
        ]
      },
      "properties": {
        "type": "hotspot_cell",
        "score": 0.066,
        "count": 1,
        "cell_deg": 0.5,
        "sources": {
          "GDELT": 1,
          "USGS": 0,
          "GDACS": 0,
          "RSS": 0
        },
        "last7_score": 0.0,
        "prev7_score": 0.066,
        "trend": "down",
        "trend_arrow": "🔻",
        "change_pct": -100.0
      }
    },
    {
      "type": "Feature",
      "geometry": {
        "type": "Point",
        "coordinates": [
          25.25,
          45.75
        ]
      },
      "properties": {
        "type": "hotspot_cell",
        "score": 0.066,
        "count": 1,
        "cell_deg": 0.5,
        "sources": {
          "GDELT": 1,
          "USGS": 0,
          "GDACS": 0,
          "RSS": 0
        },
        "last7_score": 0.0,
        "prev7_score": 0.066,
        "trend": "down",
        "trend_arrow": "🔻",
        "change_pct": -100.0
      }
    },
    {
      "type": "Feature",
      "geometry": {
        "type": "Point",
        "coordinates": [
          13.75,
          45.25
        ]
      },
      "properties": {
        "type": "hotspot_cell",
        "score": 0.066,
        "count": 1,
        "cell_deg": 0.5,
        "sources": {
          "GDELT": 1,
          "USGS": 0,
          "GDACS": 0,
          "RSS": 0
        },
        "last7_score": 0.0,
        "prev7_score": 0.066,
        "trend": "down",
        "trend_arrow": "🔻",
        "change_pct": -100.0
      }
    },
    {
      "type": "Feature",
      "geometry": {
        "type": "Point",
        "coordinates": [
          19.75,
          41.75
        ]
      },
      "properties": {
        "type": "hotspot_cell",
        "score": 0.066,
        "count": 1,
        "cell_deg": 0.5,
        "sources": {
          "GDELT": 1,
          "USGS": 0,
          "GDACS": 0,
          "RSS": 0
        },
        "last7_score": 0.0,
        "prev7_score": 0.066,
        "trend": "down",
        "trend_arrow": "🔻",
        "change_pct": -100.0
      }
    },
    {
      "type": "Feature",
      "geometry": {
        "type": "Point",
        "coordinates": [
          22.25,
          43.75
        ]
      },
      "properties": {
        "type": "hotspot_cell",
        "score": 0.066,
        "count": 1,
        "cell_deg": 0.5,
        "sources": {
          "GDELT": 1,
          "USGS": 0,
          "GDACS": 0,
          "RSS": 0
        },
        "last7_score": 0.0,
        "prev7_score": 0.066,
        "trend": "down",
        "trend_arrow": "🔻",
        "change_pct": -100.0
      }
    },
    {
      "type": "Feature",
      "geometry": {
        "type": "Point",
        "coordinates": [
          16.25,
          44.25
        ]
      },
      "properties": {
        "type": "hotspot_cell",
        "score": 0.066,
        "count": 1,
        "cell_deg": 0.5,
        "sources": {
          "GDELT": 1,
          "USGS": 0,
          "GDACS": 0,
          "RSS": 0
        },
        "last7_score": 0.0,
        "prev7_score": 0.066,
        "trend": "down",
        "trend_arrow": "🔻",
        "change_pct": -100.0
      }
    },
    {
      "type": "Feature",
      "geometry": {
        "type": "Point",
        "coordinates": [
          27.75,
          44.75
        ]
      },
      "properties": {
        "type": "hotspot_cell",
        "score": 0.066,
        "count": 1,
        "cell_deg": 0.5,
        "sources": {
          "GDELT": 1,
          "USGS": 0,
          "GDACS": 0,
          "RSS": 0
        },
        "last7_score": 0.0,
        "prev7_score": 0.066,
        "trend": "down",
        "trend_arrow": "🔻",
        "change_pct": -100.0
      }
    },
    {
      "type": "Feature",
      "geometry": {
        "type": "Point",
        "coordinates": [
          26.25,
          41.25
        ]
      },
      "properties": {
        "type": "hotspot_cell",
        "score": 0.052,
        "count": 1,
        "cell_deg": 0.5,
        "sources": {
          "GDELT": 1,
          "USGS": 0,
          "GDACS": 0,
          "RSS": 0
        },
        "last7_score": 0.0,
        "prev7_score": 0.052,
        "trend": "down",
        "trend_arrow": "🔻",
        "change_pct": -100.0
      }
    },
    {
      "type": "Feature",
      "geometry": {
        "type": "Point",
        "coordinates": [
          18.75,
          42.25
        ]
      },
      "properties": {
        "type": "hotspot_cell",
        "score": 0.052,
        "count": 1,
        "cell_deg": 0.5,
        "sources": {
          "GDELT": 1,
          "USGS": 0,
          "GDACS": 0,
          "RSS": 0
        },
        "last7_score": 0.0,
        "prev7_score": 0.052,
        "trend": "down",
        "trend_arrow": "🔻",
        "change_pct": -100.0
      }
    },
    {
      "type": "Feature",
      "geometry": {
        "type": "Point",
        "coordinates": [
          21.75,
          42.25
        ]
      },
      "properties": {
        "type": "hotspot_cell",
        "score": 0.052,
        "count": 1,
        "cell_deg": 0.5,
        "sources": {
          "GDELT": 1,
          "USGS": 0,
          "GDACS": 0,
          "RSS": 0
        },
        "last7_score": 0.0,
        "prev7_score": 0.052,
        "trend": "down",
        "trend_arrow": "🔻",
        "change_pct": -100.0
      }
    },
    {
      "type": "Feature",
      "geometry": {
        "type": "Point",
        "coordinates": [
          24.25,
          45.25
        ]
      },
      "properties": {
        "type": "hotspot_cell",
        "score": 0.052,
        "count": 1,
        "cell_deg": 0.5,
        "sources": {
          "GDELT": 1,
          "USGS": 0,
          "GDACS": 0,
          "RSS": 0
        },
        "last7_score": 0.0,
        "prev7_score": 0.052,
        "trend": "down",
        "trend_arrow": "🔻",
        "change_pct": -100.0
      }
    },
    {
      "type": "Feature",
      "geometry": {
        "type": "Point",
        "coordinates": [
          21.25,
          41.75
        ]
      },
      "properties": {
        "type": "hotspot_cell",
        "score": 2.164,
        "count": 1,
        "cell_deg": 0.5,
        "sources": {
          "GDELT": 0,
          "USGS": 0,
          "GDACS": 0,
          "RSS": 1
        },
        "last7_score": 2.164,
        "prev7_score": 0.0,
        "trend": "new",
        "trend_arrow": "🆕",
        "change_pct": null
      }
    },
    {
      "type": "Feature",
      "geometry": {
        "type": "Point",
        "coordinates": [
          20.25,
          44.75
        ]
      },
      "properties": {
        "type": "hotspot_cell",
        "score": 4.071,
        "count": 2,
        "cell_deg": 0.5,
        "sources": {
          "GDELT": 0,
          "USGS": 0,
          "GDACS": 0,
          "RSS": 2
        },
        "last7_score": 4.071,
        "prev7_score": 0.0,
        "trend": "new",
        "trend_arrow": "🆕",
        "change_pct": null
      }
    },
    {
      "type": "Feature",
      "geometry": {
        "type": "Point",
        "coordinates": [
          32.75,
          39.75
        ]
      },
      "properties": {
        "type": "hotspot_cell",
        "score": 3.22,
        "count": 3,
        "cell_deg": 0.5,
        "sources": {
          "GDELT": 0,
          "USGS": 0,
          "GDACS": 0,
          "RSS": 3
        },
        "last7_score": 3.22,
        "prev7_score": 0.0,
        "trend": "new",
        "trend_arrow": "🆕",
        "change_pct": null
      }
    }
  ]
}